video_id,filename,caption_length_words,score
dc644e2c0cb9f8dc3a3cee9858175304,3i5-ZukC--g-Scene-003.mp4,116,0.181572
272b8d766b97ab83b7da5e8a2018c073,3jaAcpqJEbg-Scene-014.mp4,129,0.167036
0813bce9f45d554af925866343c299fa,3iUTkJy84EY-Scene-267.mp4,90,0.182141
fcb842358e695d0b3bc57405e117e1e7,3l84m5pRmyk-Scene-063.mp4,102,0.130027
5fa12b5c9dcdb8c217e6ff1d8916a2f8,3q3CZaZLMiY-Scene-341.mp4,90,0.210099
55a19fa126e53e2e99fcdd07275703b9,3_ZfZs-JPIg-Scene-312.mp4,128,0.155952
4d837bb83050fe6ca9c77dc2a8212568,3Wcw7UNaLks-Scene-168.mp4,116,0.146548
3082c7bd181799a62d0a632b04f94c5d,3fPjWUG7DxI-Scene-023.mp4,126,0.199488
fa679c829b3ed1f4cb972517745e78cd,3ITw3DpGM5k-Scene-240.mp4,116,0.123921
2450684d1648bbfe5f61ae71123b0be8,3gZZFVx-9-M-Scene-160.mp4,128,0.147020
e7fa68f609d71d2c17c9a8a8ba7e8310,3F2rz23IKUk-Scene-027.mp4,139,0.254717
fc4592f38a4034b25a766654281ee68b,3iUTkJy84EY-Scene-307.mp4,98,0.248312
bcc54c4a416fa9bc62eca0b3af0dee23,3i5-ZukC--g-Scene-023.mp4,95,0.132257
1e7c49cd3517d8fc7243e0cf2ea53597,3P1vSUbet40-Scene-0960.mp4,127,0.194271
cbf11e5aaff91f1cdeefeedd57e78b9b,3gZZFVx-9-M-Scene-445.mp4,152,0.229114
928e69eb6a9608c497542e8a37943bc4,3q3CZaZLMiY-Scene-396.mp4,116,0.244099
0a44e637f98d40a74928666d20a7f0bc,3fokLGPK15Q-Scene-026.mp4,141,0.172568
098e5bc75ae2f61891d1fc05d75f7f40,3u3_6CI_QZQ-Scene-008.mp4,109,0.183916
20fb03df7ff915b7ab594e1f6972003b,3ITw3DpGM5k-Scene-078.mp4,114,0.158278
4be9dab42d20d94144e10e2e73ee8341,3fPjWUG7DxI-Scene-073.mp4,102,0.177698
50e9351f4dad6580a98435172ba7acf9,3P1vSUbet40-Scene-0810.mp4,133,0.174860
afeb9ff4595f684f8bc4d99ac3835515,3gZZFVx-9-M-Scene-191.mp4,113,0.240761
cfe6a1877151cf791661addf54d1ae3e,3Wcw7UNaLks-Scene-250.mp4,101,0.091381
0898d8577a86e3ed4dfe035919dcb31e,3gZZFVx-9-M-Scene-119.mp4,120,0.274427
c236506d22726e14e1499ff206f80e82,3_ldSlCUBFY-Scene-017.mp4,122,0.107688
44e05ea061f65128129abfd9f4c72bbd,3Kxl1O310k8-Scene-011.mp4,152,0.204323
f3f1f4617d5779c64b1ee61f9fd49637,3q3CZaZLMiY-Scene-427.mp4,115,0.167840
df9a261cb2042afcaba0daac9d3168ab,3Wcw7UNaLks-Scene-125.mp4,149,0.220582
ef582a1de85b597c98a897eb4722ed32,3diuEKaigCA-Scene-002.mp4,124,0.139687
bca7a9e39d11da991116880a9b0936bd,3PUcfHvbCqA-Scene-002.mp4,140,0.243396
91a92402d8a40301515911f71bf42fd1,3fokLGPK15Q-Scene-049.mp4,119,0.142493
4c693ca0db6783aac05bf344867e920f,3gZZFVx-9-M-Scene-351.mp4,103,0.160151
9c62069e7a0c2adffb979f6b80907ed8,3mdAeLvlUxw-Scene-160.mp4,115,0.341002
cb8896e446921ff9fa0a8bd41c8c0109,3mdAeLvlUxw-Scene-051.mp4,103,0.150988
60a747639b86906682f09bd79003b071,3mdAeLvlUxw-Scene-106.mp4,109,0.160050
01f1eb19401e881ebf97bdc4e44e87f7,3urJ0kIq6QE-Scene-007.mp4,119,0.127457
379c2c7bea90e3ec9d27199842f73bf2,3ITw3DpGM5k-Scene-073.mp4,106,0.193461
eeae2927086df2d01329982508b9a55e,3ITw3DpGM5k-Scene-362.mp4,94,0.186029
92bd36773d32fbbf31dda9591bc862fb,3q3CZaZLMiY-Scene-662.mp4,119,0.160640
76e55885fe84c89dbfaa1b91d831e237,3q3CZaZLMiY-Scene-268.mp4,105,0.161741
609e9abe93269fd46c3b7da72203551c,3q3CZaZLMiY-Scene-133.mp4,158,0.156216
3638473da8e623252fbf8b2ef5d9a0f8,3ITw3DpGM5k-Scene-109.mp4,121,0.148387
4a9c2c14c31711dabbbd5e89553bb737,3E6ctN22V7k-Scene-093.mp4,103,0.350665
75998ebc528655b9f74909b77788b9e2,3KyEoC29eqs-Scene-013.mp4,160,0.137292
244ae6748537b7ff50674abc9e3657c7,3hcAJKLX-Ps-Scene-016.mp4,125,0.189551
2066ad6b1235af1ee0c85f217ace2a04,3_ZfZs-JPIg-Scene-409.mp4,120,0.279021
83d5fa616dcf56c8437d6f5583d51006,3iUTkJy84EY-Scene-150.mp4,110,0.143316
2213d0ef62b3ae49686de81dcb179f49,3_ZfZs-JPIg-Scene-408.mp4,103,0.200305
7c998c53a88d812d028fef8dc5c055db,3qr2hGZ_rRg-Scene-039.mp4,109,0.226298
781b3a4dead768ff9bb50ece0361a6a2,3mdAeLvlUxw-Scene-058.mp4,116,0.145150
d081ef5715b31090e7c419757ec7483f,3iUTkJy84EY-Scene-304.mp4,100,0.231092
5c6b3f29d9a0d776179957ce5bf8541a,3Wcw7UNaLks-Scene-152.mp4,113,0.109808
0de84dff6415431beefa4c7d5c175576,3P1vSUbet40-Scene-0157.mp4,113,0.141923
f8092b5e76374758ae03a348c124beec,3P1vSUbet40-Scene-0526.mp4,138,0.152823
a026bac7ecb16a691ddacbd7b9156254,3Wcw7UNaLks-Scene-131.mp4,132,0.222830
b99154915133ff8df5c2f80007f27b18,3Wcw7UNaLks-Scene-343.mp4,125,0.198136
2bcd1ff2156f3cb375302458e30a4e16,3aGaSqbrfVA-Scene-081.mp4,124,0.192843
834c79a71eb0f2abedf01b71ff5b8b2e,3Z229_lKLpk-Scene-156.mp4,93,0.197623
1b5799402845a3937c548d149e7ea6ff,3q3CZaZLMiY-Scene-750.mp4,130,0.176308
bf28eadbce5bd53abbe5be1e49dec2dd,3IiyIXUgSc4-Scene-004.mp4,107,0.112273
661bd7d8721d6db450dae7d05067c198,3szCdVKgMug-Scene-012.mp4,127,0.127584
d8dde9330f6bbab1e01195ec6de154b3,3ZrWCBdh7q8-Scene-067.mp4,118,0.109175
d5a0c5c1d4c1918f6f9377bbcc3ef8e0,3q3CZaZLMiY-Scene-035.mp4,101,0.278007
7d64029e173a935d219c29bdd3ff4c28,3gZZFVx-9-M-Scene-003.mp4,104,0.151311
c7e54d2e03f0bc729ed9bdbebb0e3ba2,3Smz5pevbI4-Scene-001.mp4,108,0.160550
42f7b5956351db5c0ee3306df45ea721,3QD9oO6sRns-Scene-133.mp4,121,0.244061
f055e3f0b71f525db5ddcabdfe9f890f,3jGOgCF9gjE-Scene-059.mp4,117,0.187400
176420d8703fcc47863664fb503bd8df,3i5-ZukC--g-Scene-017.mp4,112,0.102596
0eeecc4d165914f3dae618f231406283,3ITw3DpGM5k-Scene-299.mp4,130,0.097122
e2ae36d79d9f17f1898bc60bdf765b9e,3Wcw7UNaLks-Scene-265.mp4,107,0.056606
4f0e2951900e0938c032096c3467930d,3_U0zFmzyBM-Scene-011.mp4,132,0.109101
6518a96cb7fcb1400b842986d1bc71d8,3iUTkJy84EY-Scene-214.mp4,116,0.210674
1b8fdbefa346af2ad3f043ac6276ceb6,3q3CZaZLMiY-Scene-262.mp4,106,0.196427
5101f458512668f9ccec390eaa07d86d,3W3PvnGP2r4-Scene-011.mp4,99,0.235158
23e9d28b6d38c3481072a5eaf17a1d20,3q3CZaZLMiY-Scene-385.mp4,111,0.289803
83e6615e9eac646458fd3cd3e282171a,3cw2NVBm9WA-Scene-015.mp4,110,0.096233
609f5d12407916c0d2ec94880ece2138,3jJnVyAhyIM-Scene-094.mp4,116,0.165157
9d94ce00764f385dd71ffd263ccb9fd2,3Smz5pevbI4-Scene-066.mp4,94,0.213432
db89b72eefa06891b1ac0c6554714f97,3EB6XN8KrzI-Scene-147.mp4,112,0.255231
7e3b27096d6fe749b9ea5f2e70cf45cd,3iUTkJy84EY-Scene-194.mp4,91,0.211827
38c48a5e92e9c9d1f0756f955e782e82,3E6ctN22V7k-Scene-059.mp4,108,0.263281
80a5629b0cd837932642dadc30784849,3P1vSUbet40-Scene-0864.mp4,106,0.259069
7b7c8eb6f4098fde7256557e7c37e48c,3kf1gQNnb-8-Scene-142.mp4,125,0.117814
48a861cb8c36c99e96171526a44b31fc,3EO0YIxkle8-Scene-019.mp4,113,0.186603
e597728a8b422a1b531002be327b0f00,3P1vSUbet40-Scene-0197.mp4,112,0.182644
5d4553b980a0cb9e3aeae8377cfa645b,3_ZfZs-JPIg-Scene-245.mp4,93,0.234619
ef66fe3f3e0a9a4751d46b58d9451dfd,3E6ctN22V7k-Scene-055.mp4,125,0.157331
ea38f3fcf9f550d0ad944c591197924f,3a0FD1177FA-Scene-074.mp4,119,0.170114
df22a106c0fe9ec211d7e50c467371fb,3q3CZaZLMiY-Scene-148.mp4,113,0.239171
181888fdae41bd9b8e6b784dd8b841dc,3q3CZaZLMiY-Scene-759.mp4,119,0.148636
d2d7187133d67e56b5e66b59ba3364d9,3iUTkJy84EY-Scene-149.mp4,103,0.214194
db2e3cd6042b22f5a48af1b7e335f79f,3P1vSUbet40-Scene-0586.mp4,97,0.187770
3ad86e0a16ae01a48b047a63d49200f6,3rHRnfTOnJQ-Scene-003.mp4,119,0.120394
b8cb73401b1871f01c398b7b3181dfdb,3_ZfZs-JPIg-Scene-160.mp4,130,0.317028
f7c89848773a81e475320a5093055f3e,3_ldSlCUBFY-Scene-153.mp4,127,0.125772
559690eb2a4f2d510941b3be04e7c4be,3fKU7ugHcIQ-Scene-049.mp4,125,0.258427
38deb489ab0bee30aefc355b58ff3246,3JYDT8lap5U-Scene-034.mp4,129,0.328273
a15c2a5a7abb7d9bcd59192e2ccb4cb2,3q3CZaZLMiY-Scene-180.mp4,96,0.252662
83a80e2195613d14aeb22ba5f3638101,3gZZFVx-9-M-Scene-190.mp4,108,0.093782
5e4a17cfdd09eae7eeb2628edaf2eaf9,3JYDT8lap5U-Scene-042.mp4,139,0.197448
dc92c632f610253be97ee4ae9485081e,3Z229_lKLpk-Scene-096.mp4,112,0.098296
ebe579d1dd4eab42ee02bc3cd4df8fc6,3EB6XN8KrzI-Scene-270.mp4,126,0.312624
c0f53417321b24ef7e2f0005fdc1e907,3ITw3DpGM5k-Scene-044.mp4,179,0.134131
4c206200e02971460661b0f4380a8951,3mdAeLvlUxw-Scene-015.mp4,112,0.189012
ea7a4fc12fabfedd02c979868c537db7,3PUcfHvbCqA-Scene-016.mp4,117,0.184120
715fffc80fe00a93abda2c04d2d86fcb,3_ZfZs-JPIg-Scene-021.mp4,110,0.280263
122e274465977fa6ff79ea9c444c6241,3N5aKGuJpFU-Scene-032.mp4,160,0.184099
4fa9cd324e188d716019d3ec0739e1c8,3PUcfHvbCqA-Scene-009.mp4,119,0.325558
0a57d76ef80c2fca7f6af1b7b0c6f7d2,3q3CZaZLMiY-Scene-473.mp4,122,0.212960
6e0761af555f2fec07143f1dfe923092,3kf1gQNnb-8-Scene-147.mp4,98,0.184036
8a7f1bf303158fb34097cf1af6b11294,3Sq594WkayE-Scene-014.mp4,89,0.134724
5d8c822ca1c75817ef08fd26905d56c1,3QD9oO6sRns-Scene-008.mp4,116,0.155646
161031797907db1d732f5596b7c3971c,3gZZFVx-9-M-Scene-419.mp4,116,0.183489
498b1a9cecdd9ecc8ede31add56f16da,3Wcw7UNaLks-Scene-031.mp4,127,0.141459
c4b4617668eb8c4f06f64e580f6f7764,3F2rz23IKUk-Scene-012.mp4,107,0.226898
f48fe95950c926f60731e40eaa02733c,3hcAJKLX-Ps-Scene-015.mp4,99,0.227913
6de4490352ae7d77da676f1751aa4f05,3gZZFVx-9-M-Scene-323.mp4,105,0.087621
49e5be236cdd10a92d2a6d3c2bea9b13,3qr2hGZ_rRg-Scene-114.mp4,110,0.170677
e133ef93d2f297b69f70f9691c24a29b,3P1vSUbet40-Scene-0551.mp4,110,0.211088
adbc47c6d59e28643918f4264ce9495a,3T1bQ-ZAp1E-Scene-019.mp4,109,0.145185
88f32de485ff47345fa0c394c8175c26,3P1vSUbet40-Scene-0676.mp4,106,0.180840
ddd57d097d382e077562b305af3c60ef,3P5zYKAFzh4-Scene-026.mp4,113,0.087526
9ff5a70833ec2738259bbd7d1752649d,3fPjWUG7DxI-Scene-083.mp4,115,0.186999
31a90b37065cee6ea577267bed0beb9c,3ZrWCBdh7q8-Scene-056.mp4,133,0.117446
5c905e7be5516f352495e67e1b056fcc,3Z229_lKLpk-Scene-063.mp4,104,0.285040
561d55455ff46a7b8390794fd46da236,3rHRnfTOnJQ-Scene-008.mp4,112,0.144903
fdeb02398e31ab9679a145133c6a8263,3iUTkJy84EY-Scene-234.mp4,129,0.153222
c24e9db7a68aebefa2937381891d4de5,3_ZfZs-JPIg-Scene-362.mp4,109,0.209301
ba8add6b36a10ba7894a3c7f2b69bac8,3d5Bf4VRhHE-Scene-026.mp4,150,0.111640
5bcc4379f0824517cd519b28964fa09f,3T1bQ-ZAp1E-Scene-059.mp4,133,0.176245
fe9f3d0e663987119f871981a16d5aaa,3L_uHTClWfk-Scene-006.mp4,100,0.207285
ca3106f66a60079c523f8f17f394aea5,3F2rz23IKUk-Scene-067.mp4,125,0.172783
94f8cf3302ccbe475848529056f7eca5,3gZZFVx-9-M-Scene-439.mp4,96,0.234523
c9e49a761d6439583dea8d6fdd688f3c,3d5Bf4VRhHE-Scene-102.mp4,98,0.189080
89f881e14cb64e5a8ace1641597f08b9,3_ZfZs-JPIg-Scene-053.mp4,108,0.289802
7d6cc684084284c929918490da4a44d2,3iUTkJy84EY-Scene-096.mp4,122,0.220606
4c002d0e0ed981a0c362564b3b61ba2b,3fLu8Czn1pY-Scene-002.mp4,135,0.155883
301b5311e45a7eeb40fa88b965a7b8e2,3mdAeLvlUxw-Scene-126.mp4,108,0.213148
b161bea5e1f39b6182c625b6da2869a8,3mmDnftP1M8-Scene-027.mp4,135,0.244815
ab7419c1b5e3fdfe9cac63fa112f364a,3P1vSUbet40-Scene-0579.mp4,124,0.195392
1fbf08b6b0ba2175c39881886b04b0c9,3_ZfZs-JPIg-Scene-138.mp4,149,0.152934
0f4594ae4de4e413a8bffd709b255bb3,3ITw3DpGM5k-Scene-033.mp4,115,0.295769
268c316508c596da06c6dc7a09025c32,3q3CZaZLMiY-Scene-289.mp4,131,0.163575
351af4fdcd44295989381565940d5181,3P1vSUbet40-Scene-0044.mp4,129,0.246477
d865a65bd235ff99e09dd2089e544ce8,3IrHmvnGXTc-Scene-003.mp4,105,0.180228
37ba2c7813077030eb7e27188e53ad08,3mdAeLvlUxw-Scene-143.mp4,128,0.089768
e93a451cb38ea2d3fd18e83458c1362b,3phuyH7Y05U-Scene-009.mp4,94,0.312011
929b9ffbf431b897edcc7903f12df780,3Z229_lKLpk-Scene-013.mp4,129,0.156619
cdc01874ade3bd8969bc01ef79589e3b,3P1vSUbet40-Scene-0904.mp4,138,0.191768
15208067010d69688030c3c7f9beee95,3QD9oO6sRns-Scene-108.mp4,121,0.224028
85a2d177fff44b96818fb62c220d2d4c,3qr2hGZ_rRg-Scene-136.mp4,133,0.216171
848027e6c16e05bb58225794e48d9fee,3q3CZaZLMiY-Scene-373.mp4,124,0.331267
cd8cfc42c4e71e9d130e18573d89b7ad,3qr2hGZ_rRg-Scene-174.mp4,109,0.199458
a2f88bb13bdb25765e9451e6b3800fcc,3iUTkJy84EY-Scene-299.mp4,137,0.162401
b75f1cd4cd58e37288aa4cc6bed1c130,3fokLGPK15Q-Scene-112.mp4,95,0.228358
57b3fb9ce6b029e59ad6f76895ed3195,3IrHmvnGXTc-Scene-005.mp4,132,0.086885
bfa3ded334ccb54f42e1beca8efab640,3qr2hGZ_rRg-Scene-153.mp4,111,0.200080
0354edb2fedf735b7a01bdf736224699,3pLMflJEGQ4-Scene-002.mp4,95,0.326778
e90eaef840870dfdb9e188c23c2ff77d,3iUTkJy84EY-Scene-053.mp4,131,0.207699
f5b0014dab64d8e387f9d557578135eb,3ITw3DpGM5k-Scene-172.mp4,106,0.142963
27ed4250b07d76022847da04f719e66e,3QD9oO6sRns-Scene-027.mp4,120,0.160334
e992b8b28e2925bcdca86eb1e2478194,3kf1gQNnb-8-Scene-092.mp4,119,0.344956
b9ba00350d10d7501c807d84fa77c6ff,3P1vSUbet40-Scene-0777.mp4,118,0.147671
ffec2995e147a82a4e22867eed271090,3P1vSUbet40-Scene-0945.mp4,116,0.212371
5d3f179afcd83eee461929e3a3e7748d,3jFz5IiuGk8-Scene-051.mp4,118,0.117224
dceff6433eb32fde16447f8d691594da,3_ZfZs-JPIg-Scene-280.mp4,99,0.253773
76ddc1dd9a0ab3cfe3e34f4b0d6c5278,3Smz5pevbI4-Scene-012.mp4,115,0.144725
2744a877dc5a2e61a53fec5aea77783e,3mdAeLvlUxw-Scene-136.mp4,96,0.082252
6656db74c206a3410bfa0094a5bf066d,3N5aKGuJpFU-Scene-120.mp4,122,0.115592
97241c7cff5f3e4ccbe5bce72bdb69ed,3P1vSUbet40-Scene-0076.mp4,116,0.358467
37180a54402d8fda25b97b5871232e80,3_ZfZs-JPIg-Scene-397.mp4,131,0.196613
9dc1b09b0dbd11f0bf8ff26879a675fc,3P1vSUbet40-Scene-0811.mp4,125,0.293982
00d147b67b5324ee1571c77526fef18a,3gZZFVx-9-M-Scene-361.mp4,111,0.126960
f5dc7e2d8b858833c9176d23004fc074,3q3CZaZLMiY-Scene-862.mp4,112,0.223671
f5470b7ed814232b0d8bbfba456a6257,3hcAJKLX-Ps-Scene-008.mp4,112,0.174996
5be60c562499d0921fa9c97d40a6d083,3QD9oO6sRns-Scene-137.mp4,108,0.242205
ae387dae1e9da180874cc3627147438f,3F2rz23IKUk-Scene-076.mp4,105,0.222462
3e04a95dbc9434993cedd5e96ca961e0,3Z229_lKLpk-Scene-216.mp4,118,0.192208
b0c7e42a2386c12e30afdfe34bb42570,3iUTkJy84EY-Scene-003.mp4,115,0.147338
25632e2578021627d1edb1582d72c7df,3q3CZaZLMiY-Scene-839.mp4,121,0.246982
d77ec640198a5044ebfa769dcd1fd61a,3iUTkJy84EY-Scene-069.mp4,122,0.228204
67fae8858c8937362551fe308daa18ed,3jGOgCF9gjE-Scene-005.mp4,101,0.150664
dc4a0aabbacd413092e3bf2997969407,3EB6XN8KrzI-Scene-094.mp4,112,0.232060
d2d2335d54db9d964d5891fd0fb53f24,3Z229_lKLpk-Scene-035.mp4,107,0.153961
44f04c55a3086762d418d6f517607b0d,3kIRn6ImIRc-Scene-079.mp4,119,0.233451
8180d89dd7b7029367cd573691a95484,3gZZFVx-9-M-Scene-045.mp4,112,0.272494
3865cdb1173f9e6fdd3a62a2eda6f569,3Z229_lKLpk-Scene-116.mp4,121,0.195125
ba9324199a9878e65459e58b47a8d700,3_ZfZs-JPIg-Scene-188.mp4,94,0.314938
b7bbd6167bed3f0eefe5b578e3a33816,3P1vSUbet40-Scene-0164.mp4,131,0.301937
003f1d562beb409c1a1077e1afb23559,3gZZFVx-9-M-Scene-011.mp4,132,0.192091
ced772e06f671a54fbf43a88db2c40d8,3jFz5IiuGk8-Scene-041.mp4,119,0.167654
714f07b7dd5207d6f288e3123b4d7d8c,3_ZfZs-JPIg-Scene-018.mp4,118,0.292499
aa317b57ef9a8f8f96980f6e1db9418e,3mdAeLvlUxw-Scene-004.mp4,114,0.213416
062e534d2883bb0bed00a81fa3631546,3JYDT8lap5U-Scene-033.mp4,119,0.082360
276b3c3e0ee2961b5fcc806fec39a0fb,3utNTc4QUxQ-Scene-040.mp4,137,0.150221
7dc6f5587ccf186eb6feabecde23274b,3mmDnftP1M8-Scene-064.mp4,162,0.233358
6b7cecb4da37e8a3103b5a06a64c6a34,3Wcw7UNaLks-Scene-133.mp4,105,0.152783
537065680fe0dcba52a556da87e5d428,3q3CZaZLMiY-Scene-500.mp4,129,0.162864
12e68e4d1c18f2a588d1bd807de5ced5,3Wcw7UNaLks-Scene-276.mp4,112,0.143926
542b9d7234cb2d47a0a54408fb227831,3_ZfZs-JPIg-Scene-087.mp4,101,0.199908
c4b89a16eb887623e7c19862cdbeb160,3pLMflJEGQ4-Scene-011.mp4,121,0.253969
1dce3aa6c8c0d2c394002a8b2a0ebe8e,3mdAeLvlUxw-Scene-167.mp4,96,0.134230
f8afdfd02b962746c264f4c5e1d63845,3aGaSqbrfVA-Scene-045.mp4,117,0.135052
a9276fec585b93b91a5f4d6001817219,3P1vSUbet40-Scene-0946.mp4,124,0.203503
172086d251dee28057a564c341db8bb4,3qr2hGZ_rRg-Scene-060.mp4,116,0.214453
b895adce465738c4bb867d9b46330588,3Wcw7UNaLks-Scene-253.mp4,105,0.108541
2bfe1637436ac3511343c9c22edf3b7f,3fLu8Czn1pY-Scene-032.mp4,109,0.125761
2cd5e2488f852549654fdfc410e88132,3iUTkJy84EY-Scene-062.mp4,130,0.241919
e1ebcbb432f6ae0fe500305a151453be,3hLeTO8SC3U-Scene-025.mp4,103,0.275347
a5299d521d9db23ea9a914263f02afa0,3ITw3DpGM5k-Scene-006.mp4,129,0.219871
be3170ba6276b2d87cc6a491c13f2580,3gZZFVx-9-M-Scene-436.mp4,106,0.164142
3957d0fff3e16ff7a7a358a3940a8611,3mdAeLvlUxw-Scene-201.mp4,128,0.128189
5ca57260c0fbd9376326303014fd3ae6,3q3CZaZLMiY-Scene-752.mp4,106,0.264681
b6e895a29de97a02c8bbce737460b97c,3P1vSUbet40-Scene-0212.mp4,95,0.138930
d1c18d78094ab196aef21d62fece6519,3_ZfZs-JPIg-Scene-001.mp4,119,0.154862
92d44446197a06ff59fd54d807a2a708,3Smz5pevbI4-Scene-006.mp4,114,0.135123
49b58098266b107ce74caa5901b4b42f,3EB6XN8KrzI-Scene-108.mp4,115,0.206972
ba92da6f28e9671efe546e1802460ed7,3P1vSUbet40-Scene-0995.mp4,129,0.157906
f80ff0a2f84b347476ec945a794e8f7d,3iUTkJy84EY-Scene-206.mp4,101,0.195227
ec4e631b0df7c9f8155d78d2f3bdb7ec,3_ZfZs-JPIg-Scene-080.mp4,150,0.200087
45ff5ffc4f670de5bc4aee18c087f784,3urJ0kIq6QE-Scene-005.mp4,97,0.204523
f2d0c36611f50131ce22bc5ba235b49d,3Smz5pevbI4-Scene-049.mp4,139,0.193309
6cf08cf43a6ccca0f4bda3c3a9dbc2e8,3P1vSUbet40-Scene-0165.mp4,136,0.236526
89e5d598c86b31b57287bcb4473e0813,3_U0zFmzyBM-Scene-027.mp4,146,0.202715
e64c8d8fde8fc8eca996df5eb845a66e,3jGOgCF9gjE-Scene-055.mp4,107,0.195299
8169b258ceb72393de63ebb433c367a0,3Kxl1O310k8-Scene-048.mp4,105,0.108245
98697035b8d53c4a08a335cbf136141c,3P1vSUbet40-Scene-0025.mp4,104,0.181164
b3c7c04847827a4f83465f833dddaaaa,3_ldSlCUBFY-Scene-051.mp4,127,0.204961
9d000f8d7348bbded775052f3a1479e1,3fokLGPK15Q-Scene-056.mp4,108,0.149711
2a418ab259818be621b2addbaa0cad9e,3q3CZaZLMiY-Scene-869.mp4,127,0.191650
569378dd1c468e92445d404e34fcc40a,3Wcw7UNaLks-Scene-237.mp4,122,0.167444
4dd71195011930e8a75e7ac6da1b92b3,3qr2hGZ_rRg-Scene-064.mp4,80,0.323953
153bc3ecb42c024059c3c05805f0c7ac,3fPjWUG7DxI-Scene-100.mp4,121,0.156222
7608cdec01f2bffd8defbad3921c7067,3F2rz23IKUk-Scene-071.mp4,107,0.245047
06eba85e5fff14be5e459dfffd88aad4,3P1vSUbet40-Scene-0570.mp4,96,0.133483
cb4fa307e1b3d44f11899c4ea6ddf834,3Z229_lKLpk-Scene-189.mp4,111,0.281186
bfd4cc87b0a7f4bf74c4dfa60db8d03f,3jGOgCF9gjE-Scene-013.mp4,99,0.187175
503a9445d192c8ea459bfc1afb518d17,3ITw3DpGM5k-Scene-194.mp4,119,0.155270
cb65518d66ef85d1873fde8425c1e5a8,3QD9oO6sRns-Scene-071.mp4,119,0.096059
4c64243e9d340da6116c0474b57ef070,3P1vSUbet40-Scene-0216.mp4,104,0.223317
023022aa355e23c337ea93dd415e607f,3P1vSUbet40-Scene-0179.mp4,113,0.122488
17f17342402cf3d675add776fba3849f,3mdAeLvlUxw-Scene-191.mp4,148,0.407912
f145e983cb22854450b1a221747344e7,3E6ctN22V7k-Scene-028.mp4,105,0.171223
d9b62dc6d58e1069657aa2fa750d7aee,3Wcw7UNaLks-Scene-013.mp4,101,0.130227
13255c4825359395fc0bdc2afb510672,3U065Ox-1uA-Scene-016.mp4,112,0.113555
4f9fffcb71b6b8c17a59cfbf5dd4c422,3l84m5pRmyk-Scene-060.mp4,98,0.184250
1674b0665478637a81402581ca7a92e5,3_ZfZs-JPIg-Scene-196.mp4,106,0.267476
0a10c0b199ebae2bfc0838aef6c78828,3l84m5pRmyk-Scene-022.mp4,101,0.231941
739042b7b3c878c7dfd60b2553c7c7db,3mmDnftP1M8-Scene-077.mp4,144,0.226570
17ee6b57042d3a4a31714deacb21ef08,3jGOgCF9gjE-Scene-081.mp4,97,0.179743
b2c82676ccb7fe0a53b1c0972c05523f,3VCwl-aQ_oQ-Scene-022.mp4,127,0.199139
53011aa9025a8f522d46cd92084cbec6,3Wcw7UNaLks-Scene-040.mp4,106,0.105493
60b70606893fc419db4c2cd0f336ad4d,3_ZfZs-JPIg-Scene-242.mp4,115,0.115521
e51e846b84121feec4f9fe3e3d0b5aeb,3_ZfZs-JPIg-Scene-189.mp4,127,0.174945
a8f9bcb547c3079554767d0e9cd623ba,3EB6XN8KrzI-Scene-003.mp4,108,0.176259
4a219d8bd96fc5745dbbbd54d4afd023,3d5Bf4VRhHE-Scene-045.mp4,101,0.222457
2e4bb54ed773c25d1c6293983704a6cc,3fPjWUG7DxI-Scene-104.mp4,101,0.156198
f61abf9edcb1ba6f7ef3d027f46ceed2,3sJ5OX75erw-Scene-014.mp4,105,0.135867
c5cd189345c70293ad72c4c73d9d670a,3P1vSUbet40-Scene-0070.mp4,131,0.152004
c799847dd77d4fdeed420d716dd6d32d,3q3CZaZLMiY-Scene-073.mp4,147,0.163854
a4496feb3964fb21c537d255853b1fb7,3EB6XN8KrzI-Scene-179.mp4,106,0.228866
54d7cc3f89154190c175ec7b709d89ce,3KyEoC29eqs-Scene-017.mp4,120,0.099034
a459be27fa3601258768b7d8292b8750,3P1vSUbet40-Scene-1064.mp4,95,0.150582
8d002823c47066f2f91920434b0e6c84,3fKU7ugHcIQ-Scene-078.mp4,131,0.271985
4232f17ad9d6aeeea15e073d9e3dcd11,3EB6XN8KrzI-Scene-212.mp4,110,0.292778
2134d6b2f4f65fdfd71e19a38016831d,3q3CZaZLMiY-Scene-573.mp4,86,0.190388
225675a52ad098a2c0f9ce463f56da0f,3fokLGPK15Q-Scene-034.mp4,116,0.253000
e1be474c1bdad6980d3e5227e65ea091,3_ZfZs-JPIg-Scene-410.mp4,119,0.197191
95f4cfcd34813783a86422675fe53fc2,3q3CZaZLMiY-Scene-236.mp4,97,0.153124
7b3db50d5921a240bb50717ea889e925,3mmDnftP1M8-Scene-014.mp4,109,0.234495
92e7ad284b519232da149c5824b4046a,3q3CZaZLMiY-Scene-560.mp4,104,0.165274
8e66e05e7d82a95728f5a6466f4409ca,3_U0zFmzyBM-Scene-010.mp4,86,0.125331
a2b5a3820d5ee38f2425cb4e4e439ad6,3KvZmppzQ9k-Scene-009.mp4,108,0.177502
f7b1cfac4f92f936c4b05b3af3bbcf73,3gZZFVx-9-M-Scene-427.mp4,128,0.132181
11ad5e46e49d945c9cae8c88cc1cb667,3ITw3DpGM5k-Scene-021.mp4,135,0.146183
e71d7faf8c550470c62f39c7914c6883,3q3CZaZLMiY-Scene-836.mp4,117,0.286248
e09c8e07e699109b1d76e4dead4ea8ce,3P1vSUbet40-Scene-0242.mp4,109,0.134541
de8a23f025ab1680d4e2c8bd21baf58e,3q3CZaZLMiY-Scene-747.mp4,114,0.169419
22cbcae3008d2f366a0b233fcfd4181d,3EOkyr653jg-Scene-003.mp4,118,0.166982
1426d714d4d76bee6c99bd087d76e915,3_ZfZs-JPIg-Scene-120.mp4,110,0.313531
8b03c9399c3d9a80544d1d2a1228f2f3,3W3PvnGP2r4-Scene-035.mp4,106,0.126605
f7a02062c19280001478ffdebe23a65f,3mdAeLvlUxw-Scene-019.mp4,110,0.344811
7651842195e525cb04adaea421861000,3F2rz23IKUk-Scene-077.mp4,120,0.189025
267d32b06831b1e1c0831078e645ed80,3jJnVyAhyIM-Scene-091.mp4,134,0.191936
56c5a23d313c4e39089ccd3c00c338a8,3P1vSUbet40-Scene-1048.mp4,102,0.269945
42bdea2e7897f9d5ceabb30fe1d79b6d,3fPjWUG7DxI-Scene-077.mp4,89,0.178810
4232aaa79621cdb07189a5c50a9c15c3,3L_uHTClWfk-Scene-017.mp4,114,0.153356
b994a51c7d76b3ee1c811b9cfac5a8d2,3mdAeLvlUxw-Scene-014.mp4,118,0.166409
9c3d509b1dd47c2227fb320178c0a49f,3jFz5IiuGk8-Scene-007.mp4,125,0.144069
309faaeb400239d7280fb734d09e3305,3EB6XN8KrzI-Scene-030.mp4,92,0.165900
3fbaa5de82d4d60a66aa5e85bf0ee606,3q3CZaZLMiY-Scene-625.mp4,125,0.174699
a16b24dcb7bdc362b38b81e3daf3f70f,3QD9oO6sRns-Scene-132.mp4,145,0.171255
5738e1c217fa38d51a71851bd0ecc19d,3gZZFVx-9-M-Scene-117.mp4,133,0.270392
19c5e036e78a65e4f89cdae90bcdb9b9,3E6ctN22V7k-Scene-127.mp4,105,0.247860
99f4888b84ed92ebce07faddc936c66c,3Wcw7UNaLks-Scene-085.mp4,121,0.165821
be763c8abc0f6489f63ab26ca74ef969,3tUAO4YGuKY-Scene-009.mp4,122,0.207430
22a8da490bb2dab184bd34a943fd5f00,3Wcw7UNaLks-Scene-164.mp4,101,0.142720
10b768a9f38952087f04d481915f5490,3E6ctN22V7k-Scene-060.mp4,121,0.181077
e01cedcb877e32e834124b36245c7fcf,3hcAJKLX-Ps-Scene-002.mp4,113,0.246683
baccdb219f0f5ee3a5be6d492113380a,3Wcw7UNaLks-Scene-288.mp4,114,0.129537
0449f02080bb4419210a7151fb96d276,3q3CZaZLMiY-Scene-205.mp4,102,0.111248
20aa6eba11dc486db815408edba559f1,3q3CZaZLMiY-Scene-085.mp4,112,0.185143
526e62f869f653c9c5dcfab6fd2243f7,3jFz5IiuGk8-Scene-047.mp4,121,0.106121
39ba8fea43160b6ba6f3bd77663b5f20,3gJ0RZB6Df8-Scene-030.mp4,126,0.151528
8ca1fb24b2e117c5ab82f34eb2be3e13,3q3CZaZLMiY-Scene-440.mp4,114,0.111143
a8fa38427c935e35761d7d9aa9650f54,3P1vSUbet40-Scene-0374.mp4,126,0.314518
a7a06c197c4a4ac80f33749f0eec01f6,3QD9oO6sRns-Scene-011.mp4,120,0.351957
4a11d1d76e8308dfd27b48d3bd41efc4,3ITw3DpGM5k-Scene-102.mp4,109,0.172626
8a7a2faa237c40db970ca5fd9f1e5b71,3iUTkJy84EY-Scene-084.mp4,138,0.191150
131586d0aa6439be13cbd2c6066de851,3mdAeLvlUxw-Scene-141.mp4,115,0.208295
39479781c07ed5f2502f7d81f793b926,3P1vSUbet40-Scene-0815.mp4,118,0.217480
837677ecaec28fa256260c481264256c,3Wcw7UNaLks-Scene-104.mp4,105,0.128050
007d453f7ed60a8bf6666ee7757f9212,3Wcw7UNaLks-Scene-150.mp4,133,0.154513
87213c80929b1b80d176755057053eee,3Wcw7UNaLks-Scene-126.mp4,140,0.233181
5cb7b1d17777ea2412bcf79d1dbe3fc2,3P1vSUbet40-Scene-1076.mp4,138,0.210914
9e1ad8aea21ce8cc4a85c01da344c56d,3ITw3DpGM5k-Scene-072.mp4,102,0.137486
637354e753b720da90a061f98ba9e88e,3cw2NVBm9WA-Scene-047.mp4,123,0.163101
92c96a194d4ee6c87ed84875d593dbbd,3P1vSUbet40-Scene-0479.mp4,129,0.245007
ee26e19f0de2d4454b8829f0ed7ec898,3jFz5IiuGk8-Scene-009.mp4,113,0.334350
f8331a8eb12a665b7bf5e680c8ef1114,3P1vSUbet40-Scene-0201.mp4,115,0.250183
c0a326f3264e2b44299c2fa68e7e1a22,3E6ctN22V7k-Scene-053.mp4,103,0.152630
e30eb0d921b24929afa3d4f8c3e9e493,3E6ctN22V7k-Scene-113.mp4,115,0.168139
f4b6909ff349949c303a2f63f1f51625,3q3CZaZLMiY-Scene-837.mp4,116,0.166891
a97543475f2d264a4f97bf555480edfb,3JYDT8lap5U-Scene-012.mp4,98,0.149690
360e7c157521513155a71a64923745d1,3Z229_lKLpk-Scene-182.mp4,116,0.261857
4221941af5fd3b4e129417d8248fa196,3cfugv0xNbU-Scene-011.mp4,132,0.259480
677e40044179413c80be4c150224a424,3EB6XN8KrzI-Scene-224.mp4,110,0.174137
4baa44748a4272f61f8db7b05385f756,3Z229_lKLpk-Scene-017.mp4,114,0.153721
131501fb92a1b55c232e6b91553b006a,3mdAeLvlUxw-Scene-038.mp4,108,0.195289
c880e54fe45bc88d9ac772215d5bf2bd,3kIRn6ImIRc-Scene-073.mp4,118,0.095754
fa08dd576ae348987ae506c91c5d8fbd,3iUTkJy84EY-Scene-065.mp4,112,0.330794
bb972a1042207468740ba9b8a73ed8fd,3P1vSUbet40-Scene-1059.mp4,118,0.242031
1451f2213240353467dc31f048a1913b,3F2rz23IKUk-Scene-017.mp4,100,0.136411
fee6a6952a00c9b4b0a6b64abc5a986a,3_ldSlCUBFY-Scene-045.mp4,123,0.071280
6d78d9e786b091f878075bd462531a25,3T1bQ-ZAp1E-Scene-029.mp4,108,0.137205
1292e07b94773a52eb1e885220a7b0bc,3iUTkJy84EY-Scene-238.mp4,141,0.265530
10915877c6d078489c66cbb0898e200f,3d5Bf4VRhHE-Scene-035.mp4,113,0.339427
ca239b01b4db4cb2b475f47d984647a3,3P1vSUbet40-Scene-0598.mp4,118,0.321491
a5c7dc91f17a45bce9b50630beb81dda,3_ldSlCUBFY-Scene-034.mp4,96,0.164982
aeb2f3ec7f33234aa600ff3c558e3327,3EB6XN8KrzI-Scene-109.mp4,125,0.195141
b7f8c0d0adf1888b419e6124c76b70fc,3_ldSlCUBFY-Scene-103.mp4,141,0.126148
36c99072dc5cbbc9328973e70e7c13ca,3_ZfZs-JPIg-Scene-143.mp4,111,0.205167
12732114a1305864651310220cceed97,3hLeTO8SC3U-Scene-037.mp4,94,0.122206
b0d22a99ff71d13b52d0672016c64ef7,3mdAeLvlUxw-Scene-067.mp4,121,0.214681
1bc749a75101a816de32c5a6097a9481,3qr2hGZ_rRg-Scene-155.mp4,125,0.167452
40a386da0d11c8e30f7ca8150f592a36,3jGOgCF9gjE-Scene-075.mp4,150,0.241079
17096bde2133bbd702a21e9d22bb5478,3P1vSUbet40-Scene-0672.mp4,121,0.320414
cd38053c9299f758fbc7d6a6fb6c48e5,3jGOgCF9gjE-Scene-064.mp4,144,0.279517
16dc0ebe9c21350a5e655e1b0cfd2c88,3Wcw7UNaLks-Scene-127.mp4,120,0.296582
e798d85349843410b29975d7a021c718,3QD9oO6sRns-Scene-171.mp4,100,0.255933
522d3c4aa3935c40d619552202e7b35e,3P1vSUbet40-Scene-0565.mp4,120,0.101747
8b65094c94c625e58143748d33b83f80,3l84m5pRmyk-Scene-035.mp4,125,0.196054
2a0f0669fe11ff9fdfaac4dbffae0426,3T1bQ-ZAp1E-Scene-002.mp4,99,0.185405
c577efaa40240ebfa6475fe364e92bd5,3q3CZaZLMiY-Scene-678.mp4,107,0.303209
55d0cb4331674a0b5841b0a29ad8e257,3aGaSqbrfVA-Scene-047.mp4,122,0.202645
c860b038f493127158a5055be7e9bdc5,3EOkyr653jg-Scene-013.mp4,107,0.160704
cd2131608dacd6eefd413a8baa48c916,3T1bQ-ZAp1E-Scene-077.mp4,127,0.154234
0cbc4769690ecb26b4234ffc32e3215a,3u3_6CI_QZQ-Scene-014.mp4,127,0.209899
d5d5ac4794a1f155e96d83af296a071e,3ITw3DpGM5k-Scene-084.mp4,102,0.181426
1c4cba4e3f9293899b510dad97194c15,3Z229_lKLpk-Scene-173.mp4,107,0.175145
91781e46284766ca2fbec6f55a7234b7,3L_uHTClWfk-Scene-050.mp4,108,0.116859
e17b3c85bb2b69d49bf3992aa68c92c5,3F2rz23IKUk-Scene-032.mp4,145,0.195812
c9e8419ba11e3cd358eb01b7e6fb987e,3qr2hGZ_rRg-Scene-085.mp4,96,0.259272
c3ef46a6e24ef25f637b12c127bc2f83,3P1vSUbet40-Scene-0615.mp4,118,0.166880
b50bc420ce5b03e7c215c8bbcd9eaa1e,3T1bQ-ZAp1E-Scene-063.mp4,112,0.156516
6e4850227628c0391df7a9604abfe11d,3N5aKGuJpFU-Scene-045.mp4,109,0.194130
5b2632459d106abab0930028d01a54d5,3P1vSUbet40-Scene-0712.mp4,157,0.161188
471689620862d3b9f27d1a33a89225e8,3jFz5IiuGk8-Scene-043.mp4,99,0.146594
e568c11965db0496739386c489415f17,3P1vSUbet40-Scene-0095.mp4,120,0.156532
f40581d42e935b383a224f005189ab2a,3kf1gQNnb-8-Scene-160.mp4,129,0.213037
6d9a28732d2a410b3c34886d89cce406,3mdAeLvlUxw-Scene-138.mp4,139,0.122607
535100ba187744c86796b4c841bcffee,3qr2hGZ_rRg-Scene-132.mp4,88,0.288184
5cd214b358dd65829f5fee888102c1fa,3N5aKGuJpFU-Scene-055.mp4,105,0.197847
88f675ece965cfedc588b4658767b744,3Wcw7UNaLks-Scene-132.mp4,115,0.294583
2dcb9ae86e541aca43dcbd90565cb407,3N5aKGuJpFU-Scene-035.mp4,124,0.152135
de756bdadc9ba0e28aae07efcce46d7e,3Wcw7UNaLks-Scene-155.mp4,100,0.148303
68c41e6486d0d2604105a521d94f6c76,3_ldSlCUBFY-Scene-110.mp4,128,0.077056
9f341b5fa7070bbdb837f98f8dd15e99,3P1vSUbet40-Scene-0071.mp4,131,0.167643
6e391e24e2a652eb911f8fa3073d22bf,3q3CZaZLMiY-Scene-566.mp4,108,0.325518
1888e852bc3f0b083c233fe982078320,3phuyH7Y05U-Scene-043.mp4,137,0.199025
02bb53bbb4b7629a49a6a97e3a1f7e1a,3q3CZaZLMiY-Scene-065.mp4,123,0.315488
9fb9bd6eac08eb9a0ad3b8b8d493e4a7,3l84m5pRmyk-Scene-020.mp4,144,0.178075
d67be875f706a12eb6f21a7ee48a3451,3fLu8Czn1pY-Scene-028.mp4,123,0.185071
c2fc1bbf713d654a81230494aa370d92,3Wcw7UNaLks-Scene-015.mp4,102,0.184083
236ba1c95890fc9f9c8e160f2a733436,3q3CZaZLMiY-Scene-530.mp4,105,0.296094
18d2041aa0f61babcfc627c5d08bd124,3iUTkJy84EY-Scene-043.mp4,107,0.243756
b9f5c2025bd3fbed7ba804e6780073b4,3mmDnftP1M8-Scene-003.mp4,125,0.310862
49f5190e65fc5b8eea44a110ff80c552,3U065Ox-1uA-Scene-008.mp4,92,0.166416
b0434197d3c288db6ffa343d9593e085,3gZZFVx-9-M-Scene-305.mp4,142,0.157551
2e6315c2506aabcac1b3f19f91205711,3EB6XN8KrzI-Scene-288.mp4,130,0.164707
797eebfb26fd6747201d619718d51751,3q3CZaZLMiY-Scene-417.mp4,114,0.214898
170f783d12b8797bed00f10f0feb51a1,3pBY6Wurnqw-Scene-003.mp4,78,0.290857
5566f70e46cbd6731286d8642a457241,3q3CZaZLMiY-Scene-095.mp4,116,0.255567
8032ea3f4ed9a92931a0ea32dea6f583,3rHRnfTOnJQ-Scene-013.mp4,114,0.139867
63560a702bb6a80257404cc9d3a917c6,3gZZFVx-9-M-Scene-110.mp4,140,0.234118
36fa80259588e2735d1ea81c309736c5,3jJnVyAhyIM-Scene-089.mp4,104,0.175854
987967ac26df7ccd1a880cc0df7a226d,3Kxl1O310k8-Scene-042.mp4,102,0.142664
bc082496eacecde23453ee19b9e8390a,3q3CZaZLMiY-Scene-653.mp4,116,0.186057
effaec662a080abe4423a94a062db4a9,3VCwl-aQ_oQ-Scene-020.mp4,106,0.141727
69f6b17085a056a56116145394282bbb,3P1vSUbet40-Scene-0005.mp4,120,0.133012
d391d61cdfd46c60170a50fc51c1bfd6,3q3CZaZLMiY-Scene-847.mp4,122,0.261634
e0bd0e50dbde46afeff802af797aabdf,3fLu8Czn1pY-Scene-066.mp4,123,0.097039
b754ecf8602406e9ddaa153a7aaa4147,3ITw3DpGM5k-Scene-188.mp4,129,0.113687
02495844c5468e5e3142121dee614c07,3MlPpqgmbYA-Scene-011.mp4,98,0.230557
e4d792ce699b3f329a59439e3e3ca47d,3P1vSUbet40-Scene-0568.mp4,120,0.138836
c06317c5939713c0c4fe7e4ffafe4e17,3rK3uaJF1Ds-Scene-041.mp4,129,0.212175
688bd518947786efe990ac28cad652c6,3gZZFVx-9-M-Scene-048.mp4,133,0.343253
e39a797883ba9c5ec778e1bb298c9234,3jFz5IiuGk8-Scene-022.mp4,101,0.210445
24a29794c98ad8e5c7d18264d1499b2f,3q3CZaZLMiY-Scene-030.mp4,107,0.178730
2eaadd7796cc8df8da294baf5e2c769a,3Z229_lKLpk-Scene-127.mp4,100,0.182070
28459db99f8ccdf3ea94611234370adc,3fPjWUG7DxI-Scene-022.mp4,132,0.172472
25916f7d2cc30d39769fb8e4d470defb,3gJ0RZB6Df8-Scene-031.mp4,106,0.095708
fd2fa628289434655d464c1da1470017,3gZZFVx-9-M-Scene-151.mp4,107,0.110534
5f0ee734d5dd004e9286432b2f88aa7a,3cw2NVBm9WA-Scene-006.mp4,104,0.230388
622a96b076595d278be1674923efbffb,3EB6XN8KrzI-Scene-055.mp4,120,0.145675
d0ef4c406bdfbdd78e3c85a41bcabd32,3P5zYKAFzh4-Scene-024.mp4,119,0.109160
4946fd6ceb2ce955abcf0ad10a005159,3QD9oO6sRns-Scene-136.mp4,119,0.371051
f47cc09aa99451fd0a805b1857b2d61d,3kIRn6ImIRc-Scene-070.mp4,125,0.210003
77e6f8e78fefdd58c39bb2ad190238fc,3fKU7ugHcIQ-Scene-031.mp4,118,0.157906
46db2e066ce940e8d54af36c2d450100,3ohEGTdRLHY-Scene-026.mp4,127,0.129513
ebbe10d747b02ac71387fc6266d79c97,3sJ5OX75erw-Scene-012.mp4,125,0.082779
daf0e2bd6f86c8ab2d0a6fc425f1fa69,3P1vSUbet40-Scene-0375.mp4,119,0.116304
5c115eb6f7afc2f10b284f4dea1c6e1a,3TQScsCOS2k-Scene-022.mp4,128,0.146627
aff297a2e7234d26740bc8c1fa21d729,3mdAeLvlUxw-Scene-059.mp4,115,0.160257
57a678ef46e95a73c743b6a6da6845d7,3fokLGPK15Q-Scene-102.mp4,145,0.197942
10ca865e9e21d03f21aed54fa587625a,3T1bQ-ZAp1E-Scene-045.mp4,108,0.134994
204c515be4ad9e1f97c6d2a551abf1a9,3N5aKGuJpFU-Scene-030.mp4,123,0.176446
daf329554d56f018c4d21ff3d61a19eb,3EB6XN8KrzI-Scene-230.mp4,102,0.247404
6034552cc7e2b286dd94276976e0b6f2,3EB6XN8KrzI-Scene-043.mp4,130,0.197674
0e70187ba8fcf02505b1a08d6915b69a,3P1vSUbet40-Scene-0443.mp4,120,0.265641
010c5172a9bf5a3f0df44f55ad70374b,3Wcw7UNaLks-Scene-042.mp4,123,0.102466
74ee699f1581bf2e1b052b4de515071f,3N5aKGuJpFU-Scene-004.mp4,97,0.335516
2da0b889481caa5121d357990002cda7,3Z229_lKLpk-Scene-181.mp4,140,0.167084
dbddc55dcc833ca9021f529bfd2c521f,3PlNaEZzZg0-Scene-009.mp4,122,0.129999
5b948c6549345ce26986dd223625eb52,3P1vSUbet40-Scene-0597.mp4,122,0.207776
fcb1649e41d9a482cb5fde6a97106dd9,3P1vSUbet40-Scene-1071.mp4,119,0.228173
99742057a539b5f34d845a44cdd528cc,3Z229_lKLpk-Scene-011.mp4,109,0.302899
beebc2ad83cdb64547f0ff31d72ca9e7,3fKU7ugHcIQ-Scene-019.mp4,128,0.159174
f0af4e24ec2fcf36a3b953920042207c,3q3CZaZLMiY-Scene-474.mp4,150,0.144195
9498d5b44f2c8ab2a99a0d0fc8ad0539,3P1vSUbet40-Scene-0788.mp4,102,0.316001
c21ded7357a46c2f06e842e57f96773a,3_3xsVMtx3c-Scene-009.mp4,141,0.163250
02d19c87e5708eac24d44e3036d23a26,3hcAJKLX-Ps-Scene-020.mp4,116,0.239641
19b7b4600afc394ee0528020dee47824,3_ZfZs-JPIg-Scene-282.mp4,93,0.324478
ec96c75bdf3f5b32eda8667f32cfffd5,3mdAeLvlUxw-Scene-137.mp4,106,0.256344
33e2269fadd7a3e24e72b06abcb22ba1,3Wcw7UNaLks-Scene-215.mp4,147,0.311234
bcd2e72971cf0ef9af09a2a4c360cb00,3_ldSlCUBFY-Scene-046.mp4,112,0.105821
0b80db11ed513bd041b3c5146ee50f72,3q3CZaZLMiY-Scene-172.mp4,109,0.075891
8016b0494686ad85672ecdaa74f983ac,3gZZFVx-9-M-Scene-123.mp4,82,0.168765
c980b04b3beee20f2f19acb2310adcd1,3Kxl1O310k8-Scene-010.mp4,102,0.063646
bf3ed333a861529531107a82197fff5a,3N5aKGuJpFU-Scene-096.mp4,113,0.181492
33b3ab155d6c005dbb4971253b4538e5,3fLu8Czn1pY-Scene-027.mp4,122,0.170336
9595c4dec305059151947c182f8f6588,3mmDnftP1M8-Scene-011.mp4,105,0.299421
2c98942af1455423512ff885bfe4e426,3F2rz23IKUk-Scene-062.mp4,111,0.201924
0d7c2b1e832335efa27e44bf7e68509c,3qr2hGZ_rRg-Scene-079.mp4,92,0.216354
6bd543005637fac8066c64773eddaa48,3E6ctN22V7k-Scene-034.mp4,139,0.211753
7e37f5971e7b68e561170a64d5327c18,3Kxl1O310k8-Scene-045.mp4,103,0.093099
0cc5a781228c9d93227ae5a62e02160a,3P1vSUbet40-Scene-0177.mp4,111,0.288159
7c254734860150cdd77a1aca17bbf4e9,3iUTkJy84EY-Scene-269.mp4,126,0.241089
48f88f302a4b56aaa76a5e5e0b98c3dd,3d5Bf4VRhHE-Scene-101.mp4,102,0.213421
e9aff757227b9a5c026564014aea7530,3q3CZaZLMiY-Scene-497.mp4,115,0.150364
5728dd40e9ec96660d551ae92ed81718,3l84m5pRmyk-Scene-047.mp4,136,0.187966
e4a4aa98408cc745c2088cd62fc9a169,3N5aKGuJpFU-Scene-091.mp4,106,0.164981
2478ca65e63e76f677165598149fbf52,3_ZfZs-JPIg-Scene-011.mp4,123,0.261316
7b26c17a5b42a3abe3afc246d9b5e09c,3_ZfZs-JPIg-Scene-406.mp4,111,0.284881
c1d85f6b1a168cf894111ed289804b84,3iUTkJy84EY-Scene-101.mp4,122,0.196681
d664e5df1bb79ae2e4ffbe5d2a11ef84,3gZZFVx-9-M-Scene-093.mp4,129,0.255852
ff6e8aac224a535366f90c83bb71b7ff,3iUTkJy84EY-Scene-038.mp4,102,0.351255
35c1619667da253eba7e5bd7f54f9fd6,3iUTkJy84EY-Scene-140.mp4,125,0.220412
529fc735c8e9fc2aa5091492d20f2b49,3q3CZaZLMiY-Scene-042.mp4,147,0.151869
38c0a47e923202c4a51043e338ebedd3,3gZZFVx-9-M-Scene-319.mp4,121,0.227228
3d450ab1c420707c3cdcdafc2368f92a,3Z229_lKLpk-Scene-215.mp4,110,0.148968
8ee8c5969c25f36516ed21e0f843af7a,3E6ctN22V7k-Scene-022.mp4,122,0.237011
080d0220654ccfd6a9e5137f1b601ca2,3Wcw7UNaLks-Scene-093.mp4,78,0.134678
3e5ae6a87f62672a2221c15edb88b975,3jGOgCF9gjE-Scene-042.mp4,128,0.140913
745ea894c1dca1e0e64658018e3665c2,3q3CZaZLMiY-Scene-381.mp4,123,0.208820
8eb61930166277294c81ee73a954793d,3iUTkJy84EY-Scene-040.mp4,148,0.193965
e56dcc36ca9d7260f082958b2e188794,3N5aKGuJpFU-Scene-062.mp4,121,0.354594
f9ce4eb746d29e42256d7d1af419b00c,3q3CZaZLMiY-Scene-053.mp4,138,0.340896
5697a90036c5bfed9e50434136a2afb5,3_ldSlCUBFY-Scene-059.mp4,96,0.158300
37778979fab6dcf0d27ce9d222cf763f,3EOkyr653jg-Scene-012.mp4,102,0.088542
ef57250689b26e39320bbb0570740550,3iUTkJy84EY-Scene-080.mp4,111,0.358704
25c2d727e14b1bc0280aeca51d14abfb,3mdAeLvlUxw-Scene-086.mp4,118,0.150487
84bd576763f6c244d485d5bc55dfc08d,3P1vSUbet40-Scene-0175.mp4,119,0.238304
0c7d2a0c602f745408910b6c584551ef,3mdAeLvlUxw-Scene-166.mp4,95,0.182347
a3c269107aae7eb5abae5a5d428b2f10,3ITw3DpGM5k-Scene-364.mp4,102,0.153309
4ce72bca403b003fa8b46a85a980c875,3KyEoC29eqs-Scene-011.mp4,113,0.115714
454389726a56a2342b3bf4648e90aa2f,3ITw3DpGM5k-Scene-351.mp4,135,0.133820
a08f5141320139f660106e65029e3e12,3iUTkJy84EY-Scene-016.mp4,118,0.221724
79afb4e47cfa543fd22cb358c4ef74db,3hcAJKLX-Ps-Scene-009.mp4,135,0.155009
6a8d860210dcf31eeee368645a03f816,3P1vSUbet40-Scene-1033.mp4,119,0.185454
4f0625abc23cccf4ffee7a34e48c33b4,3q3CZaZLMiY-Scene-203.mp4,120,0.313124
4d32afe1aa44afbebd9bb583fcbe78f7,3P1vSUbet40-Scene-0687.mp4,111,0.241083
07b0d2629841fbd2d89f56d20dbbe30d,3q3CZaZLMiY-Scene-413.mp4,117,0.165982
e214cc1917223ebc2e5cfcc2c256ce67,3F2rz23IKUk-Scene-063.mp4,124,0.184277
43193d29a7b5aed889a5d05d463f10a7,3Wcw7UNaLks-Scene-016.mp4,112,0.186887
89c39000f64150aa2453fc4e5fe55073,3gZZFVx-9-M-Scene-017.mp4,121,0.215221
72f2f4541fd6a317524009b8a0b0e269,3kf1gQNnb-8-Scene-116.mp4,108,0.155846
60bb0911a3e944355d43f4532403e2f3,3gZZFVx-9-M-Scene-296.mp4,120,0.129162
1761dc0e00b98d3b2b28a1c989d36461,3P1vSUbet40-Scene-0643.mp4,125,0.186735
60fc693e016c31a1d0acfbc95c864fd5,3iUTkJy84EY-Scene-036.mp4,181,0.238495
7a2aefba4b8641c257789dd3b833a3d2,3QD9oO6sRns-Scene-043.mp4,125,0.163343
dd5c1e9845db27f0745a9ea9d05ee433,3kf1gQNnb-8-Scene-045.mp4,102,0.355546
b15c4482f2edbff05b4379b49ab4d70a,3mmDnftP1M8-Scene-080.mp4,128,0.208811
8a0ac194c93c7e638e17cd958a15926e,3ITw3DpGM5k-Scene-151.mp4,99,0.170285
e8b4544271ee318a3dee1a6647253c52,3Ma0wGTm5QQ-Scene-002.mp4,137,0.143415
741821bc4eef7d9e6c34c24f8a8d0ab1,3QD9oO6sRns-Scene-066.mp4,123,0.161538
08e06138ba92970d6074625f475222ea,3P1vSUbet40-Scene-0853.mp4,118,0.129701
284441fe26b81ae33221ccc37b20bd9c,3kf1gQNnb-8-Scene-030.mp4,114,0.143925
5b573a1a30485b17225fc9438643941c,3T1bQ-ZAp1E-Scene-011.mp4,121,0.196678
3e02d908d47c1461245b6461fa0d86da,3iUTkJy84EY-Scene-183.mp4,122,0.374294
c8df43e500a6240eb17b0c2628b0c414,3Kxl1O310k8-Scene-021.mp4,103,0.168585
5cca7c466f5285278bdfcdafd7e947d8,3l84m5pRmyk-Scene-026.mp4,113,0.161973
0c52b23d7151ca5692b6b2e6ae22d712,3Wcw7UNaLks-Scene-098.mp4,120,0.172851
26117b492ab546a8d7ba31ed8242893a,3Ma0wGTm5QQ-Scene-018.mp4,115,0.080930
cdc4610d199c2080655bed5eaf5b1045,3jGOgCF9gjE-Scene-071.mp4,103,0.206831
9707ed620c8f9b91f949c627f4a400c4,3Z229_lKLpk-Scene-033.mp4,120,0.168639
78b123a2900b9cc08a106ea839a7e1c4,3mdAeLvlUxw-Scene-197.mp4,110,0.251989
f7a5ec8573081f5e3d08377708752e0b,3T1bQ-ZAp1E-Scene-060.mp4,126,0.147604
97ce6d7f1e3787518d9a0c5a22ff4289,3utNTc4QUxQ-Scene-050.mp4,107,0.178457
d1a7c69a373971b80ea8460ee18ffbb4,3_ZfZs-JPIg-Scene-132.mp4,108,0.264508
b1f066f011998f373c8dc4a0fd88da3a,3utNTc4QUxQ-Scene-001.mp4,108,0.129424
285db07f4511c183e63f56c43a043e89,3ohEGTdRLHY-Scene-045.mp4,94,0.180814
85bcdedcc83a1b0216bd08a3056d3f6a,3fokLGPK15Q-Scene-046.mp4,105,0.196641
c7b0b6778c7c7008ab59a5ae33161ce4,3Wcw7UNaLks-Scene-243.mp4,110,0.124482
422ed15b8c709799e0a315584d17753a,3Wcw7UNaLks-Scene-116.mp4,123,0.162147
58c92605b6aab159cdcc57c587fba3c2,3_ZfZs-JPIg-Scene-059.mp4,113,0.200705
0e791cf8138bb0fbeea7f4326c97184e,3gZZFVx-9-M-Scene-076.mp4,105,0.185867
f191cee14691a1b6da3038d8f88f7fd7,3urJ0kIq6QE-Scene-002.mp4,113,0.159884
97c230bce98d17b1206752dac33b593a,3_ZfZs-JPIg-Scene-174.mp4,133,0.213977
006dbd222ea11328dbb5bd940a420406,3ohEGTdRLHY-Scene-040.mp4,122,0.223390
b4608f5124ed94ec6c8843be26f7a691,3EB6XN8KrzI-Scene-135.mp4,118,0.126420
ba5ff0cca860116a9b62eff0d538b941,3qr2hGZ_rRg-Scene-105.mp4,121,0.206350
eb64985136de0dc6404d0cde5ceabe09,3L_uHTClWfk-Scene-029.mp4,127,0.150378
f52e67db8a1694cedcb983445f05dbc7,3rHRnfTOnJQ-Scene-006.mp4,106,0.180307
fd0b8e1c820eaf4a63707f8ed162971c,3INb3jiuu6g-Scene-010.mp4,142,0.374336
fa8c43178362f95bf7ddc058f7341c46,3P1vSUbet40-Scene-0833.mp4,95,0.183879
e5ffdd1217bd6b0967060cabfbe34f98,3_U0zFmzyBM-Scene-037.mp4,112,0.152160
44177119c6cb27ec3c65251181eed5b4,3q3CZaZLMiY-Scene-773.mp4,149,0.230767
7e0791bb4aa7f550ec336a81dbaff31e,3ITw3DpGM5k-Scene-303.mp4,128,0.173893
961fc4488686a379ede95dd598548463,3fKU7ugHcIQ-Scene-070.mp4,114,0.286496
17a5804ed9d64730949142e885b2f7d3,3mdAeLvlUxw-Scene-009.mp4,113,0.157467
e3bdc865919a9f1aef4d9e119709f916,3mmDnftP1M8-Scene-065.mp4,118,0.273241
737e1de2368644b1f680fced186b0abb,3q3CZaZLMiY-Scene-079.mp4,117,0.185003
d6edc8bc5520a3f310b92a3c4b660713,3JYDT8lap5U-Scene-029.mp4,97,0.356471
6d96bd0ff891f9e1bd790f982d2474fb,3aGaSqbrfVA-Scene-003.mp4,134,0.103501
2bbbc7b38c4e6b082a342acb58cac9ac,3Sq594WkayE-Scene-004.mp4,99,0.285635
f54ca07e74de184f3fccbc308532691b,3EO0YIxkle8-Scene-005.mp4,127,0.220393
68ecad2fb26e16a5fa4c4fdc72f1636a,3_ZfZs-JPIg-Scene-407.mp4,107,0.352239
b087bc2ee8d5b374f8dc498cd4f445c9,3q3CZaZLMiY-Scene-232.mp4,95,0.202828
6c0ddc49239cee17c4dfc695ff7dd788,3OnnmWsJTLM-Scene-003.mp4,141,0.232116
8d63bb33c7242a9e28f47fdce4901f91,3N5aKGuJpFU-Scene-027.mp4,118,0.142339
721a8a029da9102737ccd36fea5d7b06,3P1vSUbet40-Scene-0542.mp4,101,0.220546
8aeaab800a1e9afdb5763290eaf2c304,3jGOgCF9gjE-Scene-063.mp4,117,0.248267
ee5e437ef96596482fbbd2c6e8c0792e,3Kxl1O310k8-Scene-052.mp4,128,0.135688
674d15705952b5c59e1b53f9ef88e1a8,3QD9oO6sRns-Scene-153.mp4,117,0.167004
c04d53f74ac20d1b03db72db4e9aabf1,3EB6XN8KrzI-Scene-186.mp4,145,0.201555
2c85225c61119b6a3db1313164efbca4,3JYDT8lap5U-Scene-001.mp4,120,0.076691
42d2844d07ce7a73087a6feee86ff149,3E6ctN22V7k-Scene-040.mp4,122,0.153603
91fa4a5ef90278aa63d133257f4eeb6e,3Wcw7UNaLks-Scene-247.mp4,139,0.255475
e4020353086ebae3f149b69e5fbaf1e6,3i5-ZukC--g-Scene-014.mp4,93,0.238118
83787b0596bff3ebfaa0b9762a34186f,3kIRn6ImIRc-Scene-072.mp4,139,0.146075
e82978f16471d04c3a3cfff38ddee57e,3L_uHTClWfk-Scene-046.mp4,93,0.083146
feed977820b47a79eb97b7adec919375,3HgCF6yVXko-Scene-016.mp4,108,0.152660
3be8c26ee4d209a2b746dc0da64f8df1,3kIRn6ImIRc-Scene-040.mp4,90,0.117639
d4bbfc0bb8fd122bdafaf3e2ecafb424,3Z229_lKLpk-Scene-046.mp4,91,0.171271
c5308965ab8a605c7fb737d4b1026cdf,3P1vSUbet40-Scene-0521.mp4,98,0.176247
6938b0556013de5a21d2e08bea109f3a,3_ZfZs-JPIg-Scene-301.mp4,108,0.260738
8c84dcf626465ccdb8fc696cd664a858,3Wcw7UNaLks-Scene-021.mp4,92,0.298824
bd968e555c18e00fafba78c381a1742d,3q3CZaZLMiY-Scene-392.mp4,131,0.120218
002aa47b14b9c9025cb12b8497d16d9b,3mdAeLvlUxw-Scene-180.mp4,120,0.206212
6a48dee824a6d11226c8e708ee993d26,3Z229_lKLpk-Scene-170.mp4,125,0.194849
6454c7fc9c07af63ae928796efaa73cf,3aGaSqbrfVA-Scene-046.mp4,102,0.152879
490dbe5fb008d3a39840d3e9ff3f488b,3cw2NVBm9WA-Scene-033.mp4,138,0.100279
959d5b8238a1e3b719be702ea8f061fb,3jaAcpqJEbg-Scene-012.mp4,104,0.172948
c8b38590e9e1b603e3310a5c9e6fc3c9,3N5aKGuJpFU-Scene-095.mp4,135,0.300812
e0e49d786df79b8750cf9fa8ef48f85a,3aGaSqbrfVA-Scene-090.mp4,142,0.168017
7079b0a916840eea56b6382faba9400b,3P1vSUbet40-Scene-0110.mp4,109,0.127256
a209064c1c0d5ecf2ddb64999e29fd51,3hLeTO8SC3U-Scene-006.mp4,117,0.334610
999c29ece523613954c9777a814347b6,3gZZFVx-9-M-Scene-356.mp4,116,0.151675
e7bc786a8f0f105cf2af33f3a6345ec5,3E6ctN22V7k-Scene-069.mp4,101,0.369742
4a0f71700abbb6f785541a14e1e10c97,3jFz5IiuGk8-Scene-044.mp4,126,0.121823
b1e59b3492a9a3ec8dab4c83f615810c,3i5-ZukC--g-Scene-022.mp4,114,0.259814
a485ef7d1efa722639361bd08537f4fa,3iUTkJy84EY-Scene-046.mp4,132,0.240078
fa1ae970b64ec519e83b61ec872af104,3fLu8Czn1pY-Scene-003.mp4,112,0.194248
3a719ee9c9be649c5f96ab3089fec190,3l84m5pRmyk-Scene-057.mp4,99,0.083444
e1b1897239b5e9902cbd92918cca1e47,3fPjWUG7DxI-Scene-081.mp4,100,0.134480
1d6fe41858044dd10832e7b50a841751,3u3_6CI_QZQ-Scene-007.mp4,117,0.181451
6304c7c352926303cd65ae31f12b36b9,3Z229_lKLpk-Scene-186.mp4,106,0.195045
b30f1c251636cc6cc1b36112b33394e5,3P1vSUbet40-Scene-0620.mp4,133,0.204031
e3afb3c8903c09ac54eeff987cc8eea0,3QD9oO6sRns-Scene-037.mp4,126,0.149768
da84dbcab618a4618f5d3b2b7d1a50c6,3P1vSUbet40-Scene-0097.mp4,121,0.191599
d5d3842cce986aa6c186cf0d6984992e,3W3PvnGP2r4-Scene-033.mp4,127,0.139080
754afa69c5829d12e58ee6ed417f7a8d,3tXiKB90OM0-Scene-004.mp4,120,0.134251
20ad3f7824a8ff1234382dc0b9701862,3PlNaEZzZg0-Scene-008.mp4,107,0.280936
5224deb38d43495c600f489a68674cb3,3P1vSUbet40-Scene-1003.mp4,119,0.257616
e6f80ef011fe985454a32f8480089b2d,3_ZfZs-JPIg-Scene-139.mp4,138,0.126637
6c627acc326e783e80d70ebcf91b7090,3gZZFVx-9-M-Scene-181.mp4,121,0.258680
450fc688889aac6fc98063b598af5c02,3Wcw7UNaLks-Scene-263.mp4,158,0.240906
338549737407ce108828523c8823e448,3l84m5pRmyk-Scene-027.mp4,101,0.201107
07e8281ff8bc70dd2eee948730f9364e,3mdAeLvlUxw-Scene-091.mp4,145,0.218707
0f0d5e9ec53b6691f073bf15a92774e1,3fPjWUG7DxI-Scene-040.mp4,123,0.188947
a521c63fb498dc470a59d1e232f42431,3Wcw7UNaLks-Scene-092.mp4,121,0.260947
d36dcdd8c306fb8aab9967a2e498836f,3phuyH7Y05U-Scene-001.mp4,132,0.131026
189ac520945013df1772b7f239e3a88c,3ITw3DpGM5k-Scene-110.mp4,136,0.139564
9e3031c0ef9ced00eb949fe2c648fd40,3cfugv0xNbU-Scene-013.mp4,134,0.325195
8ffd0de369b7bfdb2afad7cfe9c54b84,3iUTkJy84EY-Scene-251.mp4,121,0.207995
d9438ff7ca1561aeef665a097c703af5,3IiyIXUgSc4-Scene-030.mp4,146,0.138404
c75378c17872697cb7a3d59c7c316159,3EB6XN8KrzI-Scene-209.mp4,106,0.188089
43a0d8cdf5554916f0e8a5b204d934ba,3P1vSUbet40-Scene-0149.mp4,126,0.302312
f4b285b1fd87ef8469358cb88d1b7099,3q3CZaZLMiY-Scene-480.mp4,126,0.143463
ee14bb84b1521c3c97dc167487e94c67,3mdAeLvlUxw-Scene-026.mp4,116,0.104297
8550cd9e3c9dcee9bb2163552842c8bb,3Smz5pevbI4-Scene-045.mp4,112,0.174963
abc527574bf42beeb200ec5f4761a3af,3P1vSUbet40-Scene-1023.mp4,114,0.121454
8a09dac235416951d74d11df17dcf95a,3N5aKGuJpFU-Scene-078.mp4,112,0.384219
55472b57701e9ebd45e9a5c7bac27d6e,3P1vSUbet40-Scene-0929.mp4,99,0.200572
338a4b591ae29980054e0e2a6001201c,3l84m5pRmyk-Scene-023.mp4,116,0.154984
e15434d77fe1aa8e71d5514c23960dfa,3qr2hGZ_rRg-Scene-110.mp4,133,0.176484
ebca8bb8d9a06c97ef83d9d813e881dd,3q3CZaZLMiY-Scene-612.mp4,115,0.292676
018cdf5ba165a9ee1a683165a1fe9ef7,3EB6XN8KrzI-Scene-193.mp4,126,0.247571
256efb754acd13ad8c444ef40de0082e,3QD9oO6sRns-Scene-154.mp4,122,0.178930
93c3f45b5635ec713130799820a40705,3kfnwKjZWWI-Scene-002.mp4,95,0.175385
4bed0ee2fc1f163daca1c9a7fef57e3a,3N5aKGuJpFU-Scene-047.mp4,120,0.174746
3c8492e0dcb45027880a69e2fa39439d,3mdAeLvlUxw-Scene-200.mp4,109,0.231062
ee03dec90f7d78da76ec7fc9ffe94a99,3Wcw7UNaLks-Scene-044.mp4,94,0.180790
b3d7fc62e6e28e82fcd5f5c9fd0d9910,3P1vSUbet40-Scene-0781.mp4,84,0.237782
a1f469ebbb74d1e7815349bc6bfc7273,3F2rz23IKUk-Scene-048.mp4,118,0.105112
10ac3789619ff76047841e025161ae79,3a0FD1177FA-Scene-052.mp4,106,0.219720
c1062af1052f96918fb9619aadb70a12,3mdAeLvlUxw-Scene-082.mp4,134,0.163588
5711f5ebbdc55e6ac435932a20792111,3gJ0RZB6Df8-Scene-021.mp4,130,0.243278
2a6218c4edbc5cbaa5e8877f1a3e6a25,3iUTkJy84EY-Scene-296.mp4,123,0.247676
9ed51aee984e9a8d8854f173240a4fc8,3u3_6CI_QZQ-Scene-002.mp4,119,0.158041
2e800d7194a9adfc1b13997a9295c52b,3q3CZaZLMiY-Scene-250.mp4,121,0.332312
a1f4fa7a5a18b3574d9bfc611cb54a60,3P1vSUbet40-Scene-0993.mp4,108,0.223900
e4cd75b35f4db5c39c83ffb84873ee3c,3ITw3DpGM5k-Scene-016.mp4,126,0.153318
b82cb0607676e50417aa6b06155adf16,3P1vSUbet40-Scene-0468.mp4,129,0.134758
c19d293381d340f432ff3b4935883d0f,3gZZFVx-9-M-Scene-382.mp4,110,0.084792
cd68b5d4b62466801381bc1b05fe762a,3kIRn6ImIRc-Scene-075.mp4,143,0.196675
6ed1c6d0498ddee8cc2cff8f81a8d5e0,3fPjWUG7DxI-Scene-088.mp4,96,0.135465
99d2087fedc8567dae5a897132dd2a42,3W9FSgrmAFI-Scene-014.mp4,140,0.226742
d3cf764db89304c2326d0619e52249cb,3q3CZaZLMiY-Scene-478.mp4,169,0.225116
f51cbb6d6dc4bcd4d2f2e538ae5c4c6c,3qr2hGZ_rRg-Scene-112.mp4,110,0.159738
af8151efffbe71160fa79db3599ee4fe,3E6ctN22V7k-Scene-015.mp4,111,0.207685
9436eca382ca0bfc327b326b04c76d98,3L_uHTClWfk-Scene-027.mp4,106,0.203421
9b006a736a6857dc05e5674670e9a655,3u3_6CI_QZQ-Scene-006.mp4,110,0.192990
376d9b81815ebf7a99210298e43ddf58,3iUTkJy84EY-Scene-190.mp4,106,0.221587
fd9c326967f74547364b173ac61b18dc,3W9FSgrmAFI-Scene-013.mp4,103,0.159416
a519a207d0c5ebf7cf12aefd9d20080a,3EB6XN8KrzI-Scene-283.mp4,114,0.220364
9c9c60c9b7130822a0a0a2668e2b3da6,3aGaSqbrfVA-Scene-039.mp4,141,0.229626
5a9b7f49dc62616d03bf7679b916dca8,3kIRn6ImIRc-Scene-080.mp4,102,0.180516
56529f1a56ac45d03dc3355de452b09a,3gZZFVx-9-M-Scene-446.mp4,114,0.141723
dbf227a270ada4b70983b11db2776a83,3ohEGTdRLHY-Scene-009.mp4,96,0.173930
604c44f6b880570c5462cae66b8bc342,3fPjWUG7DxI-Scene-082.mp4,86,0.165646
b4c0a8861a720aa798c549c023424af1,3ZrWCBdh7q8-Scene-006.mp4,110,0.172496
a88fe5dfae346f7b3029847bce822d92,3ITw3DpGM5k-Scene-032.mp4,137,0.081740
d82cd5b7fd45940f8aa26f646b2e3889,3P1vSUbet40-Scene-0510.mp4,115,0.208048
5368ac049fb51bd03444516baf02ef89,3ITw3DpGM5k-Scene-115.mp4,117,0.171666
5f6dcd29ee99cc6c1c78ce29cff2ca7e,3utNTc4QUxQ-Scene-012.mp4,93,0.126991
98eb382f0167a3c655616e4026d85425,3gZZFVx-9-M-Scene-232.mp4,140,0.158035
1aa976012e85e14518ec26746a034aab,3iUTkJy84EY-Scene-143.mp4,105,0.327552
f31905e76933bf1c6012bd8efb884cf3,3N5aKGuJpFU-Scene-063.mp4,121,0.091748
63b5efcc7b0fc74ea9199b9eb3a45372,3ZrWCBdh7q8-Scene-050.mp4,100,0.127025
51bbc30faecff00d244837442ee6b79e,3_ZfZs-JPIg-Scene-150.mp4,117,0.113914
5ed60e08f4d0e4677d6d6bd4a5a943e4,3iDf0wcP2u0-Scene-001.mp4,127,0.205890
75706208d050b582588bb8b88917ea0e,3P1vSUbet40-Scene-0680.mp4,111,0.204577
6fa48c222db74539f29d8e2f72f8652d,3QD9oO6sRns-Scene-004.mp4,87,0.180013
baaebd661c222dab08f9885a3d7eeca8,3Wcw7UNaLks-Scene-231.mp4,99,0.181554
1c0c49a2ca513e011b37470926703e3c,3q3CZaZLMiY-Scene-570.mp4,121,0.125485
34530602a0297d282c84180c27a05eb3,3qr2hGZ_rRg-Scene-080.mp4,118,0.246375
508401180fba8279133c33162ab52567,3fokLGPK15Q-Scene-097.mp4,126,0.204500
84ee2c255b94b05621b67c4e1b946166,3ITw3DpGM5k-Scene-038.mp4,101,0.166172
ed757530c658191a54b2420f04a4d1d0,3_ZfZs-JPIg-Scene-032.mp4,88,0.343866
3511eecb94d48fbecea0da2229dc2fe6,3bWyuKTElpE-Scene-001.mp4,116,0.187361
f0e4942cf8697267966c7c7d751a2fc7,3_ZfZs-JPIg-Scene-026.mp4,96,0.189918
4a13670e40342593e9ac22dc86812cba,3_ldSlCUBFY-Scene-163.mp4,114,0.087382
154183ec87b7713d6db7d9761db5d0ee,3MlPpqgmbYA-Scene-003.mp4,109,0.270447
901721ac2aca6ed4e5d11c4929aaae54,3kIRn6ImIRc-Scene-066.mp4,85,0.164710
8d30390fb229a253a9ac2818be3048e6,3KvZmppzQ9k-Scene-002.mp4,109,0.224578
7402926d3e8c56f0d35ed14f96becc9e,3mdAeLvlUxw-Scene-102.mp4,123,0.099768
bbcc637a2fb1bf48eb9ca8c3c7ca8f19,3MlPpqgmbYA-Scene-008.mp4,93,0.308857
a23e8458f6856af7843ccd69b83c325a,3ITw3DpGM5k-Scene-056.mp4,111,0.115188
909bb37c17273d808cfd37dab27ea567,3E6ctN22V7k-Scene-072.mp4,106,0.321245
14beb4f3b57a569dc93a18fc875afef6,3ITw3DpGM5k-Scene-099.mp4,122,0.188161
47c9bd16e54b6ac0ec229dbf4fdf10b2,3P1vSUbet40-Scene-1027.mp4,112,0.248170
91cb126e414fed0ab17ecfebcf6b1fef,3U065Ox-1uA-Scene-006.mp4,84,0.178030
86e202a3ce6f9987c73ed5f67c4ab5b0,3EB6XN8KrzI-Scene-008.mp4,126,0.178883
ca1ab3d61dda0399d248d2800682c3ab,3gZZFVx-9-M-Scene-310.mp4,96,0.179696
ede3c2db58d2043955ddd02bba0aceba,3N5aKGuJpFU-Scene-060.mp4,123,0.398064
0643d7005dc23f50c17698dc3b6da0dd,3kf1gQNnb-8-Scene-049.mp4,123,0.167472
c77a71b5639e9bd157aee324d9bc4814,3P1vSUbet40-Scene-0557.mp4,127,0.162537
84137b43c89f50a830764f4994053b56,3ITw3DpGM5k-Scene-193.mp4,92,0.233470
a5d74f0c21ae777a6939b4e98bfe5c07,3l84m5pRmyk-Scene-037.mp4,130,0.169486
01d6dfc3427350e16677c0ac00ed4ca8,3mdAeLvlUxw-Scene-238.mp4,127,0.121627
7a71a04979731cb215967986f91f07aa,3d5Bf4VRhHE-Scene-110.mp4,123,0.139747
6818c4d9b259c7144f0e87f0f62e94b5,3F2rz23IKUk-Scene-056.mp4,112,0.145726
86eaea9f5c3ee5d514c672f47bd11fac,3Z229_lKLpk-Scene-014.mp4,124,0.191984
91725f62f22ac37936c4b09133e783e6,3P1vSUbet40-Scene-0607.mp4,130,0.247642
ba5ef281dc8c492848f4ebb2cfe3bc27,3EB6XN8KrzI-Scene-083.mp4,104,0.160118
feb22e68e9c2d68401c66f484c82df3e,3q3CZaZLMiY-Scene-757.mp4,106,0.162839
f9b9fe677a805821fb8065562da85653,3P1vSUbet40-Scene-0832.mp4,115,0.143973
bce72841052eb8febd7512aa276c109a,3EB6XN8KrzI-Scene-168.mp4,125,0.239192
d05518fedd71c3f0c125d9a60fb44943,3Wcw7UNaLks-Scene-230.mp4,122,0.191998
4c6dd95006033099513fea5fbcd57d71,3Z229_lKLpk-Scene-111.mp4,113,0.304664
aa200e6b59222ceab3e4b13d1e76f219,3P1vSUbet40-Scene-0063.mp4,89,0.157818
4c0d1ff477a0f71878d86f71a4753d72,3_ZfZs-JPIg-Scene-373.mp4,104,0.230058
5f1e2a789aa74a3c219f9c268634657b,3utNTc4QUxQ-Scene-016.mp4,144,0.176932
97bbb9bc988fb664fbf7cf1f06e7ea3e,3E6ctN22V7k-Scene-111.mp4,94,0.172964
09597acb80b8262345888fd403f51f47,3kf1gQNnb-8-Scene-128.mp4,115,0.241058
86b9c89b87db7883694dc3afe048ef62,3q3CZaZLMiY-Scene-449.mp4,88,0.278133
75815a723734e42f9b2a61ccf2ceebd9,3ohEGTdRLHY-Scene-038.mp4,107,0.208102
e51b64f65f2aea8568d34ff132d60b31,3iUTkJy84EY-Scene-094.mp4,124,0.244334
e8a0ffa540ba984686f83ccc5687bdee,3mdAeLvlUxw-Scene-065.mp4,107,0.230155
8b94a0a1ac7df091295b945723ce8212,3sJ5OX75erw-Scene-011.mp4,129,0.095894
f68a759fae91234077cabcc34bf7a7b2,3gZZFVx-9-M-Scene-001.mp4,119,0.151532
a2dcc88282de06d67164447999277cbf,3ITw3DpGM5k-Scene-355.mp4,116,0.234725
2ca26f6565b78ae5340219488067f464,3P1vSUbet40-Scene-0085.mp4,133,0.169705
d6c8802aec7301b0b0b6a5a02decbe19,3gJ0RZB6Df8-Scene-003.mp4,125,0.182505
08c1359c81fde0062818282de5152adf,3Wcw7UNaLks-Scene-005.mp4,114,0.084051
8841b26e6af7e0dc3379501f3d8db101,3gZZFVx-9-M-Scene-247.mp4,126,0.343793
cc6a769eca8327502d4a91f529c27da3,3W9FSgrmAFI-Scene-001.mp4,117,0.261279
c3b48c7cafcc1fb288fce595ff77e88d,3ITw3DpGM5k-Scene-028.mp4,123,0.178989
e373ef0a6438dadb7f5ee835102c4005,3mdAeLvlUxw-Scene-122.mp4,110,0.162492
08cc5cb0890ddad51d908fd8b7957117,3Z229_lKLpk-Scene-113.mp4,94,0.336282
1cfa11a7bfc119fc7ea278ff1ee59568,3P1vSUbet40-Scene-1055.mp4,119,0.284106
ddbf79011cdc4587c943fdd4fc2bbc4c,3iUTkJy84EY-Scene-089.mp4,119,0.206206
94fa0cf0a2dac207234ab6d358a47129,3q3CZaZLMiY-Scene-706.mp4,121,0.215650
2f38c92f6fcdbfc25eadb55ce325b675,3QD9oO6sRns-Scene-083.mp4,101,0.136597
a12ea554e034fa5c790d579664db40ee,3jGOgCF9gjE-Scene-065.mp4,127,0.102089
3edc685ab03a7d83ac8b63202dd71650,3q3CZaZLMiY-Scene-475.mp4,122,0.118629
5adf5db91cceba183f13bb37971b6fe3,3P1vSUbet40-Scene-0446.mp4,116,0.246871
727c631d9902ba8bab4a99726fa2d6b4,3jaAcpqJEbg-Scene-004.mp4,112,0.036537
49a7ccef5e2d0bcf0bafae8b92387271,3mdAeLvlUxw-Scene-199.mp4,110,0.146090
9e09074e4265f515a8cdd4c2413a5b7e,3qr2hGZ_rRg-Scene-149.mp4,106,0.215088
7254f557f1164351d863cfad7a6d47c2,3d5Bf4VRhHE-Scene-097.mp4,97,0.203561
75b8de06882bca76577685ff83b6983d,3qr2hGZ_rRg-Scene-117.mp4,109,0.281411
60a936d415bd6d2a2159561d1d8a6e9d,3gZZFVx-9-M-Scene-125.mp4,127,0.199723
9259777ea55ee4a6bd396252edbe0aff,3P1vSUbet40-Scene-0054.mp4,117,0.326960
57e8128dbd4e11297930773a628ad885,3mdAeLvlUxw-Scene-066.mp4,121,0.080539
1c49a0b976cda7f9da5ef7ae6188b5ed,3_ldSlCUBFY-Scene-115.mp4,133,0.275649
a3ac82e1770ec5904f68d59613f0ad5e,3P1vSUbet40-Scene-0205.mp4,117,0.317946
062addf602b4fde0102f716c31e46162,3Wcw7UNaLks-Scene-117.mp4,115,0.220391
ff510e31c12d5052b96165a31e3ac5e0,3rHRnfTOnJQ-Scene-012.mp4,131,0.234278
110458f63d8bef857cacc32a81801441,3QD9oO6sRns-Scene-044.mp4,111,0.221086
79ceac8a48cdd649dfc7dd118d7406af,3Kxl1O310k8-Scene-029.mp4,123,0.070481
4dc30ee3c0ae530fdf446c7c6028b7c7,3Smz5pevbI4-Scene-063.mp4,123,0.204768
dfa7dc9cb1bbe0b89583ad7a7e5194ed,3fKU7ugHcIQ-Scene-077.mp4,100,0.137644
170e09efc13dee1fba33c5859342bd09,3q3CZaZLMiY-Scene-745.mp4,98,0.286208
dff06d2220063db94d494be31195aeb5,3q3CZaZLMiY-Scene-068.mp4,115,0.138486
0ceec8cf4938f66bba63f49dbc32b4b9,3sJ5OX75erw-Scene-003.mp4,114,0.139163
09eed6dc10ae397e5e41ff3eb6b06542,3F2rz23IKUk-Scene-073.mp4,113,0.216282
453ac2e5f6d4167a21b56dd7ef18ce32,3_ZfZs-JPIg-Scene-046.mp4,105,0.192245
06980133e9d36dd8831e73ab60355f52,3P1vSUbet40-Scene-0101.mp4,119,0.251814
d688d09b304a9f58041f78651d1d818c,3P1vSUbet40-Scene-1066.mp4,127,0.202446
35018407670ad21f88c0a112c37d9ca6,3HgCF6yVXko-Scene-001.mp4,123,0.154346
53398bfadb70f1b37f104f6f73aec195,3kIRn6ImIRc-Scene-082.mp4,103,0.076796
2c3930db697de57a59e10ddf8b15af34,3iUTkJy84EY-Scene-277.mp4,115,0.334396
a4b9d0136306feca065d41f5d3c733f8,3mmDnftP1M8-Scene-074.mp4,115,0.243626
e55ec7d9c3f69b73af09ee8ccdb8dc41,3ITw3DpGM5k-Scene-245.mp4,121,0.340011
27ed2935fed03578aa0438a72b734125,3qr2hGZ_rRg-Scene-098.mp4,127,0.302291
c39e78b12c55e4ec92089037261de4ab,3fokLGPK15Q-Scene-022.mp4,129,0.200784
4bb1afc2ac4674fc6479914773c670a3,3EOkyr653jg-Scene-010.mp4,124,0.217274
eef21fb15a36142573344c22bbfa7e52,3fokLGPK15Q-Scene-081.mp4,129,0.157302
5977ec4c2f7408824c84d6561bc073c1,3ZrWCBdh7q8-Scene-042.mp4,113,0.119059
7fc8e09f225240df1c0328d5ff9c6145,3Wcw7UNaLks-Scene-095.mp4,102,0.107706
39fa81584b09fe27de269a98ab4b8d88,3fokLGPK15Q-Scene-032.mp4,110,0.207085
d19b1f841c571afa202b7b19e180669b,3mmDnftP1M8-Scene-086.mp4,124,0.207060
d21c1faba0037d096644ad297077d9d5,3rHRnfTOnJQ-Scene-004.mp4,107,0.159088
38fed26f006853578044e09d1f2274ca,3P1vSUbet40-Scene-0138.mp4,105,0.186773
6cb2bed8f7ee95e63458cac339e053de,3_ZfZs-JPIg-Scene-204.mp4,103,0.153023
c84671ddbf800d030273447a187d3bd5,3F2rz23IKUk-Scene-072.mp4,119,0.181312
084b7be23b9f7c448f1a85ecd4f9b58b,3ITw3DpGM5k-Scene-294.mp4,108,0.156153
6d1045a90adac337330349a0e3b292fa,3_n4Uj9iLyU-Scene-002.mp4,134,0.178461
81f933e75aec3cfad7854855decb3a22,3_ZfZs-JPIg-Scene-052.mp4,96,0.141656
893041179ab626121ab217e2682db09a,3mdAeLvlUxw-Scene-045.mp4,104,0.444521
f384050d23c0728c7cfd533936d1311e,3q3CZaZLMiY-Scene-419.mp4,123,0.241663
44c297cc86a66700bbba441a0e4d7540,3P1vSUbet40-Scene-0467.mp4,122,0.213541
19e0067d48de3c4444f346be3f2d7b8e,3q3CZaZLMiY-Scene-352.mp4,143,0.151112
cc7462d83483eb009bf6645a40bbd522,3Sq594WkayE-Scene-003.mp4,131,0.199863
ec855edba33221d7a37777a65225f70e,3T1bQ-ZAp1E-Scene-071.mp4,155,0.325721
d847b707952db936528368da33a5b3d9,3N5aKGuJpFU-Scene-099.mp4,109,0.374398
54d3677a9e02b765e4088f8a14151fcc,3gJ0RZB6Df8-Scene-015.mp4,110,0.220582
243bd33000f06af30114bd0350cfd036,3iUTkJy84EY-Scene-255.mp4,135,0.234859
69b2a2aa12014570700bde648abef269,3ITw3DpGM5k-Scene-333.mp4,135,0.197481
ea6c58c226431b349a42daf12e658c1c,3mdAeLvlUxw-Scene-217.mp4,130,0.232994
cf4da01b6652b3d66e34824ebf2b450f,3_ldSlCUBFY-Scene-022.mp4,121,0.132344
c459a9d1659ea7c27d11e8d6cc045565,3EO0YIxkle8-Scene-017.mp4,98,0.339165
0d35bd74f41c0cd834d9217f57660c64,3HgCF6yVXko-Scene-003.mp4,123,0.177704
7903abfb5f3b76f39f0337ebc9186a5f,3u3_6CI_QZQ-Scene-009.mp4,90,0.209260
b8998ec7396595e758080b85c62f7f07,3gJ0RZB6Df8-Scene-097.mp4,133,0.162987
e2cf6470ed80946243da181508ea4b5f,3q3CZaZLMiY-Scene-714.mp4,111,0.331408
80b8dc42dddbef105efe2edf1dd40e69,3kf1gQNnb-8-Scene-140.mp4,135,0.221459
1718fdcc8eb2b6c884f7071213662e98,3hLeTO8SC3U-Scene-007.mp4,132,0.183072
df05a11a88187b55f8245f790e14dcf8,3P1vSUbet40-Scene-0660.mp4,111,0.264507
7741959de8be27720f6eba823d40eec5,3fKU7ugHcIQ-Scene-060.mp4,110,0.122636
039a8576d117ef2bb89d26ededb5b038,3_U0zFmzyBM-Scene-052.mp4,137,0.163532
aa8399d4aeb5c97b1bf4e7d411848f65,3aGaSqbrfVA-Scene-008.mp4,151,0.214279
252f36c288d48295bfb33caba05a09d9,3_ldSlCUBFY-Scene-068.mp4,110,0.116449
96d938bc99f789c56a5259b97f8baacb,3ITw3DpGM5k-Scene-100.mp4,102,0.173829
7d8f14b1915e639d3ea67c8d44204901,3Kxl1O310k8-Scene-053.mp4,137,0.135103
db78f126e73af111322a1f490e146729,3ITw3DpGM5k-Scene-344.mp4,110,0.137709
a0659bf046fc86680713bf7bcefb841f,3q3CZaZLMiY-Scene-538.mp4,109,0.162682
f12f05dc25d0dd6c655322acd230dc3c,3N5aKGuJpFU-Scene-065.mp4,107,0.137821
351e35b0f2fbca465c565a126638faad,3P1vSUbet40-Scene-0529.mp4,147,0.340054
978f4ec3094418521215547f6b327a7c,3gZZFVx-9-M-Scene-184.mp4,91,0.113995
3c9ac823c942c68f0873dd13b91f1896,3iUTkJy84EY-Scene-032.mp4,117,0.190225
f9427a30521ef73381ebef4814fe7cfd,3Z229_lKLpk-Scene-137.mp4,142,0.200296
b4da95916a0a59819a0ea0e9d14fe409,3P1vSUbet40-Scene-0619.mp4,121,0.301308
dfaab54e826248cda3b318dc31608596,3qr2hGZ_rRg-Scene-075.mp4,80,0.288719
5e4d0ed2c919983d4281afb2f64502dc,3P1vSUbet40-Scene-0147.mp4,142,0.162870
d4e734b76808fe835f72847d477af20a,3ITw3DpGM5k-Scene-363.mp4,97,0.141702
ba361598aceb3233c8883a6bc7df09e7,3q3CZaZLMiY-Scene-342.mp4,172,0.120893
a837e69d88ca7201bb7cc78149d66669,3ITw3DpGM5k-Scene-347.mp4,117,0.187567
a20748aaab44a5d87447e6b81930b308,3q3CZaZLMiY-Scene-423.mp4,104,0.142099
97a158c9d11ee8b0be14f809fd450045,3gZZFVx-9-M-Scene-140.mp4,109,0.121128
f88d99951c36c956e4737f9a8ec11f87,3ITw3DpGM5k-Scene-307.mp4,95,0.070829
cc85e774c9441cd4f9016c51b75c02c1,3kf1gQNnb-8-Scene-053.mp4,114,0.181146
5db1ea9dd302ef8b8a7b07beb640cd95,3qr2hGZ_rRg-Scene-051.mp4,109,0.253603
708ab2b424a2ad40935215e16177e8bf,3_ZfZs-JPIg-Scene-329.mp4,130,0.156954
55b73d9a715b4548ea96c8bf472df966,3ITw3DpGM5k-Scene-217.mp4,121,0.155839
1e131f0af8e7404da3a93224209e2672,3jGOgCF9gjE-Scene-041.mp4,124,0.216070
60dc72648ba06990f4093ea21a65ccf4,3P1vSUbet40-Scene-0584.mp4,112,0.220404
9ccf48f4676a42f9e8d336b97e008323,3EB6XN8KrzI-Scene-130.mp4,100,0.217976
552f2c86dd21ac4cf608c29de3cad65f,3q3CZaZLMiY-Scene-066.mp4,120,0.157610
ffce15879425b4fa412ef69bb50834b7,3_ZfZs-JPIg-Scene-311.mp4,108,0.271980
c57e547d614c4acbe63d7f3dd3e5ea46,3q3CZaZLMiY-Scene-429.mp4,107,0.197050
d3326a685a3e8db398598fa5720c32f3,3_ldSlCUBFY-Scene-171.mp4,122,0.112523
e4d9a5eca5c475cb39baadc1da48c4b9,3ITw3DpGM5k-Scene-241.mp4,117,0.154186
758b392605667c5acb1d8546af7f2651,3KvZmppzQ9k-Scene-018.mp4,96,0.154742
094ff5bfc4a3cebb0c3d4c9a9c58c62a,3fokLGPK15Q-Scene-111.mp4,121,0.304286
71a4cbb2af4a3bd63cc0fdc3a652fb1d,3_ZfZs-JPIg-Scene-125.mp4,102,0.172475
3edf4b6bee4944df3f475485298376fb,3q3CZaZLMiY-Scene-336.mp4,92,0.112031
aa001b5e982b6175c38ed8beb28aed8c,3aGaSqbrfVA-Scene-041.mp4,95,0.093575
49d032bd63165250461ee4173c20eabf,3kIRn6ImIRc-Scene-012.mp4,126,0.117853
7b55d300436d22977b5f7cc6aa34431c,3u3_6CI_QZQ-Scene-015.mp4,95,0.241281
5a4e60aef28f57fd607537c34e84b3d9,3_ZfZs-JPIg-Scene-257.mp4,102,0.206625
76f4073293d1a3748a77b1855d09b87d,3EB6XN8KrzI-Scene-081.mp4,124,0.196517
61387a5ed103e2cb590a73efb7eea6a2,3ITw3DpGM5k-Scene-119.mp4,138,0.116015
cda31045e8783bfe4e41ca339c39acfe,3q3CZaZLMiY-Scene-554.mp4,148,0.135091
601abfe272197b473da93b5914600f84,3PUcfHvbCqA-Scene-019.mp4,135,0.207118
c0c3a3a986bacf7d47139bdc781fa743,3E6ctN22V7k-Scene-041.mp4,98,0.127999
02db72f45ab556c98313c20b1503e834,3Wcw7UNaLks-Scene-300.mp4,106,0.127562
b3938dffc352fbb04e7490adec9134ac,3iUTkJy84EY-Scene-114.mp4,96,0.218428
4298815fbc69d1a23e442b8536e93440,3P1vSUbet40-Scene-0449.mp4,137,0.229548
547b3830998ddc0a3cd5bbb3f434f582,3fokLGPK15Q-Scene-073.mp4,122,0.185944
f5727c057a096287fb9ca12d0ada0f9c,3N5aKGuJpFU-Scene-077.mp4,97,0.162476
c09779520c460ff806f7cd84aa50f349,3q3CZaZLMiY-Scene-470.mp4,105,0.207768
53f039951e74b48b876b4498b55d9200,3rrLMM3eyQc-Scene-008.mp4,134,0.166989
a56abf153292aeaebe8c300e5f8c4e4e,3_ZfZs-JPIg-Scene-131.mp4,110,0.196500
de823a5f8f63fb6a224ea3e0ed02064f,3iUTkJy84EY-Scene-055.mp4,127,0.207626
f26dcb064a257567941d6ad612cd7dc4,3ITw3DpGM5k-Scene-127.mp4,129,0.143501
aaac5aeafac2af947c20038877a41160,3N5aKGuJpFU-Scene-042.mp4,130,0.171985
9c0d32469ac1168caa12db290e87edfb,3gZZFVx-9-M-Scene-378.mp4,104,0.149933
050f443ce57f240fc1e8f4f9a7404fa1,3q3CZaZLMiY-Scene-060.mp4,139,0.115476
208beefce834b08582585eacc48a25c1,3F2rz23IKUk-Scene-074.mp4,109,0.174387
6692ece9518a8a325fd25cba374d56da,3gZZFVx-9-M-Scene-397.mp4,105,0.154436
4ca794d52286c79add6bca77eb5a84c0,3a0FD1177FA-Scene-002.mp4,152,0.220121
ecc604960943216566636512aa281ddf,3Wcw7UNaLks-Scene-008.mp4,103,0.198032
55037cfc0eee43e53e4db2b66f8c7a2f,3Z229_lKLpk-Scene-217.mp4,106,0.213031
6b0f551cbc076e1dccd67080839125a5,3Wcw7UNaLks-Scene-182.mp4,106,0.210340
e3afe5f7e8125aab54c421dafef012bf,3tXiKB90OM0-Scene-014.mp4,111,0.119192
c937eb37917dd51df4ccd0ca064df290,3q3CZaZLMiY-Scene-356.mp4,112,0.155045
7ffba0c56b1560ae02ed9693d53861fe,3IiyIXUgSc4-Scene-002.mp4,136,0.265278
bfbccb5cb1d4df57344f3094263e17b0,3W3PvnGP2r4-Scene-027.mp4,146,0.165421
b7eb8a9375bc0f2e8475384910c37fb3,3Sq594WkayE-Scene-013.mp4,111,0.165944
781849983e087918eaa372ebe0a0c9da,3kf1gQNnb-8-Scene-048.mp4,103,0.192308
93daad8140383ace83fb929e2dd60182,3kf1gQNnb-8-Scene-010.mp4,129,0.177321
fe746e22de37747e003d8a4261eaf1dd,3fLu8Czn1pY-Scene-019.mp4,124,0.177006
7400caa8263984e75f2bd32db06d901f,3gZZFVx-9-M-Scene-372.mp4,112,0.200500
7a8ac178ef0c15565659aa2ff5c6ccb5,3kf1gQNnb-8-Scene-124.mp4,149,0.201345
efbbd899377ae6906e64e3b16b553e6d,3Z229_lKLpk-Scene-153.mp4,97,0.174239
9dc2232b168575bfceb472735b687db1,3F2rz23IKUk-Scene-069.mp4,124,0.255380
5ea2a375ef73188fd0e7d4325e988e66,3jFz5IiuGk8-Scene-011.mp4,84,0.213894
6b1a06540ccba5ffa515145482f148be,3q3CZaZLMiY-Scene-137.mp4,99,0.175814
504a914523f0e8d8e2d0c9abe03a3ab8,3Z229_lKLpk-Scene-030.mp4,104,0.180103
2a34cf25b04b331f3b6dd878610cb0d3,3N5aKGuJpFU-Scene-111.mp4,153,0.066051
f5c3dd9b9b4e3ef3254424a66ce11528,3mdAeLvlUxw-Scene-053.mp4,84,0.141640
42ff761ead11a604d4b8b166ca64b2e1,3q3CZaZLMiY-Scene-708.mp4,112,0.321598
2a0776c96df8924ba1b84606215a881d,3JYDT8lap5U-Scene-015.mp4,116,0.107311
fd52a3261d1f85321926aabd2976a1ab,3q3CZaZLMiY-Scene-766.mp4,136,0.104751
b96ed533b83b7ba957ffa4bae924a999,3iUTkJy84EY-Scene-023.mp4,86,0.222126
ec61da5453688f095c96887e1f532865,3d5Bf4VRhHE-Scene-049.mp4,115,0.187283
405a40b3a63a45b8f89f645f5c973f72,3_ZfZs-JPIg-Scene-020.mp4,135,0.198556
4b0fa3b8de76fbd2bb539bcd66420440,3cw2NVBm9WA-Scene-019.mp4,92,0.115018
fb22de9f5804995675d8dd3bbf21ff74,3EB6XN8KrzI-Scene-232.mp4,107,0.206940
a867aa99330a3bcc9042a80ac90ddae7,3q3CZaZLMiY-Scene-426.mp4,170,0.165962
6023925eb04385870e97ac4799607ff4,3P1vSUbet40-Scene-0668.mp4,88,0.195003
f6b837dea8857a9a8446258ec782a8a0,3fKU7ugHcIQ-Scene-007.mp4,121,0.144550
cb8e4ccba9a047121ec74ecadf38986e,3Wcw7UNaLks-Scene-335.mp4,107,0.142472
b59072f956c707a98033c42f83218980,3P1vSUbet40-Scene-0625.mp4,123,0.201120
cdce6841cb657165dc6154c45c5440e6,3jJnVyAhyIM-Scene-060.mp4,113,0.194496
62cc6de892fe32d6a7a4f15dce8a2be4,3q3CZaZLMiY-Scene-778.mp4,131,0.140113
23a727db007741928765b53edaa9bc22,3q3CZaZLMiY-Scene-411.mp4,98,0.203546
438e74a4f8c7aaf0613de952632fc81e,3T1bQ-ZAp1E-Scene-039.mp4,96,0.202899
6765be81414042789165107cf811d6e3,3P1vSUbet40-Scene-0229.mp4,118,0.244282
4ede95c23344ebe870c92e62b17fcf65,3_3xsVMtx3c-Scene-012.mp4,113,0.192914
7d40b0a396728b6391212e65a7005eb0,3q3CZaZLMiY-Scene-040.mp4,120,0.213033
69e7f1357be30c0355a08be4fcddd6ef,3l84m5pRmyk-Scene-033.mp4,123,0.181676
040646ca61af3daad7df2cc3a5cba636,3mdAeLvlUxw-Scene-233.mp4,107,0.420441
f157a236d3d4a954215fef59c06f17f8,3Smz5pevbI4-Scene-034.mp4,116,0.083211
2c4ff95b3853c41576a87e8fd5aa4e42,3VCwl-aQ_oQ-Scene-004.mp4,123,0.170925
5f68470b7ae0fd4cc8208f6e41f1d27d,3q3CZaZLMiY-Scene-713.mp4,134,0.199505
0ed09acb402ebcc9bda5371e831f1a3b,3iUTkJy84EY-Scene-189.mp4,101,0.369665
11dc7573426a0008a52f1b666f71e928,3qr2hGZ_rRg-Scene-166.mp4,141,0.211790
bfbc782b75e5f80aa554d573bd2f1dd8,3F2rz23IKUk-Scene-011.mp4,141,0.129203
65cf1b11c04db0bb8ec96364153c93fb,3Smz5pevbI4-Scene-041.mp4,129,0.147575
ee7e19d5f3631614a47c4736721c27c9,3P1vSUbet40-Scene-0047.mp4,96,0.228811
dbfa815a18f98b65cc5fdddfc10211a3,3_U0zFmzyBM-Scene-028.mp4,147,0.225044
aab4fea779a1c29cbc47e3daf3515e27,3Wcw7UNaLks-Scene-190.mp4,97,0.180030
24617968581e6701d095c3a93e10de03,3sJ5OX75erw-Scene-016.mp4,124,0.121812
03883c9325f7fed44ccba07733a0d49e,3iUTkJy84EY-Scene-092.mp4,103,0.211302
c6c4cf86f3216cae85bd6c1d1e6803ab,3iUTkJy84EY-Scene-044.mp4,126,0.170140
6336fa0548db5d836ebf71e20af108ce,3_ZfZs-JPIg-Scene-076.mp4,127,0.218432
a352172b75316a5d81847e4968136147,3kIRn6ImIRc-Scene-074.mp4,101,0.122473
a6b17595e71f73903b1f5745cdd98a46,3QD9oO6sRns-Scene-140.mp4,132,0.400889
9913566d51a0f9b6ad138052a48b86ea,3Wcw7UNaLks-Scene-038.mp4,146,0.315885
7716170b3251a008aca14b111ea42645,3gZZFVx-9-M-Scene-159.mp4,124,0.129559
3fec9520379bfca7dfa6cd8dfbd44534,3JGRt3BFYrM-Scene-010.mp4,117,0.261723
10e3b691ef2b7f4f37c91fec1cdf0d05,3T1bQ-ZAp1E-Scene-027.mp4,93,0.158017
57efd9dc9533335585ee718db47ba1d2,3N5aKGuJpFU-Scene-013.mp4,125,0.165659
a65588838d4cc0ba76e5f0d552f7ddb0,3_ldSlCUBFY-Scene-073.mp4,131,0.114249
27e62d29a9ae661ca0d3a649aa017a95,3fLu8Czn1pY-Scene-006.mp4,110,0.127553
15db8b67fe5e32720e620c2e54325910,3Z229_lKLpk-Scene-125.mp4,136,0.166722
8a72d428c0f704233c74239381e24fc6,3T1bQ-ZAp1E-Scene-052.mp4,103,0.164264
aadc2795e6ad29e498048da16b12466a,3fPjWUG7DxI-Scene-063.mp4,112,0.199237
18f3e6da3e3da833d0b4c0f9c96e03c7,3HgCF6yVXko-Scene-021.mp4,109,0.108842
c7dcfcd590355fa8698174f2b508b86b,3Z229_lKLpk-Scene-076.mp4,103,0.185856
d927b07bd7dd1b7cc9e624bc5466095f,3qr2hGZ_rRg-Scene-122.mp4,126,0.229543
eb4402b2762d6384226ee46e4f687818,3EB6XN8KrzI-Scene-045.mp4,143,0.172265
117379efc80f320fb3c6230cd5bfe953,3_ldSlCUBFY-Scene-135.mp4,106,0.125678
346c2d1de570550339fad1763f15d6a9,3Kxl1O310k8-Scene-024.mp4,111,0.106697
33ececdbd3aa4c198ee490d9ead8a064,3iUTkJy84EY-Scene-281.mp4,114,0.168236
c2f32f69bb95cbe0b55fad7e173046ab,3ohEGTdRLHY-Scene-017.mp4,115,0.089210
1db10ec047afa1d8074a545cedc62d1a,3kf1gQNnb-8-Scene-115.mp4,127,0.174243
56acfbbaf8ffb05b6a6c39f6c63dfa03,3P1vSUbet40-Scene-0948.mp4,98,0.186763
2996c64331ffc9bd04ebb1dcd3685171,3q3CZaZLMiY-Scene-870.mp4,94,0.229122
c14d5082d49505b2763b3a26301f3bd1,3Z229_lKLpk-Scene-140.mp4,98,0.348299
90a88e554d2f8349354cbdf4076bf1ed,3Z229_lKLpk-Scene-108.mp4,128,0.232878
4e44a39089a7da0ea324fe990a2fe8a6,3_ZfZs-JPIg-Scene-180.mp4,117,0.341913
b504c419c04f3acb5f22af118efca762,3kf1gQNnb-8-Scene-113.mp4,137,0.322530
9cc01aa35234fb23892955c9434ddaba,3ITw3DpGM5k-Scene-285.mp4,116,0.124230
99db4b37b996edb4da32d7b05e7e49c2,3tXiKB90OM0-Scene-015.mp4,120,0.110917
6790681a5d6a44794b3a7d159052dedd,3fPjWUG7DxI-Scene-035.mp4,113,0.164257
cb65743b991d34f603563f7a17e68dda,3mdAeLvlUxw-Scene-097.mp4,142,0.195152
94fef5b7d17ab368571385268c2f2fc9,3iUTkJy84EY-Scene-123.mp4,119,0.235372
6aa78384d1f94b85ebfee552b751af2a,3jGOgCF9gjE-Scene-029.mp4,121,0.227399
c506ea9348b84dd244a8771ce88b0d09,3q3CZaZLMiY-Scene-320.mp4,109,0.243413
d66f6b44b8bc2fdae347746c1f524fda,3Wcw7UNaLks-Scene-048.mp4,132,0.274517
13efc0d5a3cef7c1513b86c10dd1e380,3EB6XN8KrzI-Scene-060.mp4,117,0.214219
d3059b849c262e88a1742f1fe630aa95,3qr2hGZ_rRg-Scene-020.mp4,155,0.259974
fbfb36b3bd1fbee0343070c352409488,3_ZfZs-JPIg-Scene-256.mp4,103,0.209441
2300259f6bd54b7af2ea29548396fad5,3Kxl1O310k8-Scene-039.mp4,122,0.134908
4838750acf3eacee7ad1d7096f2a305f,3Sq594WkayE-Scene-002.mp4,111,0.114706
d785aa26438629ecac2cb8e81982e5e2,3kIRn6ImIRc-Scene-022.mp4,112,0.160110
5c73fe4db55365fa59ab7b7585faa246,3iUTkJy84EY-Scene-110.mp4,133,0.181141
e259dbc5223ebf9dbac27dbb6fcb022f,3a0FD1177FA-Scene-056.mp4,117,0.210199
1c327b23675cb88c57c45955f97a018f,3N5aKGuJpFU-Scene-056.mp4,114,0.185506
36c56628a2ce8e3588cdc270c2b4394a,3IiyIXUgSc4-Scene-025.mp4,112,0.106322
53910e861b35ad22f1ef2473e0d32a53,3Wcw7UNaLks-Scene-062.mp4,133,0.074427
3be0ddd0495639ac36ad91fe992a972a,3P1vSUbet40-Scene-1060.mp4,138,0.160116
bf197b019e5439a0f21bfbca98750fb7,3ZrWCBdh7q8-Scene-040.mp4,105,0.149538
198e3ef3cd2242108a2f8e9554b08fea,3Wcw7UNaLks-Scene-304.mp4,108,0.304876
36ba05f6770f6277c9d6c688e55a8b2f,3q3CZaZLMiY-Scene-391.mp4,129,0.198299
009bf097ae066708d9a7622c5c37ecda,3ITw3DpGM5k-Scene-141.mp4,140,0.193784
8d74a2246c1c0e20ef0bfc81207ae199,3q3CZaZLMiY-Scene-209.mp4,131,0.141910
ec335f719789f5d778575f551d47af40,3ZrWCBdh7q8-Scene-061.mp4,88,0.113963
ccf35cd1b9d84f744b6cc87cdfd0768b,3ITw3DpGM5k-Scene-215.mp4,119,0.132846
a396350e74786141d98573c02b971720,3fPjWUG7DxI-Scene-004.mp4,123,0.237339
65882fdc8cb7315027c06b958ccb65dd,3EB6XN8KrzI-Scene-199.mp4,161,0.195242
0a8d1096b94626f8374a5c7b87a6f172,3W3PvnGP2r4-Scene-031.mp4,121,0.184160
5096be46e881a3d1fa5d99be7a2bb129,3Z229_lKLpk-Scene-006.mp4,107,0.154539
64daecc681fae3f58d5c54ea3a3c6616,3Z229_lKLpk-Scene-175.mp4,150,0.168576
f118faa6622b6d93c602e546edfac2b2,3dN_F08u-KE-Scene-012.mp4,139,0.136373
62a9f357c3bd2bbbbe6b011c84caef97,3cw2NVBm9WA-Scene-028.mp4,113,0.177304
efe8fad114a5c713cc7e62e4ecc3cee9,3iUTkJy84EY-Scene-164.mp4,112,0.212799
9de096ad4d96388ae3571ab475bac747,3_ZfZs-JPIg-Scene-057.mp4,119,0.275150
17f9977ac1f3a0bd1c1060bf328d2e47,3Wcw7UNaLks-Scene-139.mp4,110,0.149591
5151459ecc5d60aff335bdecd3dd0bd3,3q3CZaZLMiY-Scene-516.mp4,105,0.143269
d76c8dafc4e9dd7d5f32740fa1995ccc,3q3CZaZLMiY-Scene-118.mp4,105,0.162719
cb954a4a9bb021a225878fbbb48983c0,3F2rz23IKUk-Scene-047.mp4,136,0.169271
e2a6385f0466dec8d3ec69ccbd175f9e,3P5zYKAFzh4-Scene-002.mp4,127,0.163269
4458559ee87ea0146b1d51c590fe988b,3fPjWUG7DxI-Scene-045.mp4,105,0.143966
27fb89192f0e2647b064fdf6f120daa4,3l84m5pRmyk-Scene-041.mp4,90,0.193640
bc8420eb75fe30dd380beb6a36592e9f,3rK3uaJF1Ds-Scene-013.mp4,144,0.210946
4dd86ca4e5ae811ba86369d138be0b13,3P1vSUbet40-Scene-1039.mp4,93,0.328638
df07cba134418b7e15d7befecadcc6fb,3qr2hGZ_rRg-Scene-100.mp4,105,0.190958
33dcec67474d0634dc0a356da39adbf7,3sJ5OX75erw-Scene-019.mp4,114,0.265951
5ce88a1c4765a46e3a1dd0b3ec2ce12c,3qr2hGZ_rRg-Scene-176.mp4,115,0.113568
317934d5d72d96e638e341660f4fca79,3cfugv0xNbU-Scene-012.mp4,121,0.193966
13d9c62548bc5651bc5b1d0d89155c51,3gZZFVx-9-M-Scene-217.mp4,104,0.179554
39a5b7524fd69c55ac1ab64ef7276dd7,3Wcw7UNaLks-Scene-306.mp4,125,0.098629
ff4aa73c61bb75e0e9f8daee57bc0e61,3mdAeLvlUxw-Scene-055.mp4,100,0.149070
64ef948baec667bd2638b0edf8aff817,3T1bQ-ZAp1E-Scene-030.mp4,124,0.178583
98cb512cc02bba3709201926ca1d2119,3Wcw7UNaLks-Scene-203.mp4,142,0.254702
2b7face02477a600ddda38383fa40a97,3P1vSUbet40-Scene-0752.mp4,136,0.144585
a31f0eb72b3d237a31fc23243816175c,3q3CZaZLMiY-Scene-355.mp4,117,0.187425
ebfc1a8720ee09c6550cff10268ea917,3EB6XN8KrzI-Scene-263.mp4,125,0.206892
6a6a661ac49d48b71e9472f819e6c552,3QD9oO6sRns-Scene-002.mp4,100,0.057108
ef0e2377fc486d602686c33dc1f46a79,3mdAeLvlUxw-Scene-172.mp4,114,0.083178
8afc4fd77ba3990d0cee8f8eb3c6bab9,3P1vSUbet40-Scene-0032.mp4,139,0.165663
5f019c4db077a6bed910dc58e5193c2b,3kIRn6ImIRc-Scene-018.mp4,93,0.248217
ae2431e6b953c5c6cfd7f56a7f60a2b3,3Wcw7UNaLks-Scene-240.mp4,153,0.169190
